filepath,actor,emotion,emotion_id
C:\Users\MAHESH\OneDrive\Documents\ML\projects\Emotion_recognition\Audio_Speech_Actors_01-24_16k\Actor_01\03-01-01-01-01-01-01.wav,1,neutral,0
C:\Users\MAHESH\OneDrive\Documents\ML\projects\Emotion_recognition\Audio_Speech_Actors_01-24_16k\Actor_01\03-01-01-01-01-02-01.wav,1,neutral,0
C:\Users\MAHESH\OneDrive\Documents\ML\projects\Emotion_recognition\Audio_Speech_Actors_01-24_16k\Actor_01\03-01-01-01-02-01-01.wav,1,neutral,0
C:\Users\MAHESH\OneDrive\Documents\ML\projects\Emotion_recognition\Audio_Speech_Actors_01-24_16k\Actor_01\03-01-01-01-02-02-01.wav,1,neutral,0
C:\Users\MAHESH\OneDrive\Documents\ML\projects\Emotion_recognition\Audio_Speech_Actors_01-24_16k\Actor_01\03-01-02-01-01-01-01.wav,1,calm,1
C:\Users\MAHESH\OneDrive\Documents\ML\projects\Emotion_recognition\Audio_Speech_Actors_01-24_16k\Actor_01\03-01-02-01-01-02-01.wav,1,calm,1
C:\Users\MAHESH\OneDrive\Documents\ML\projects\Emotion_recognition\Audio_Speech_Actors_01-24_16k\Actor_01\03-01-02-01-02-01-01.wav,1,calm,1
C:\Users\MAHESH\OneDrive\Documents\ML\projects\Emotion_recognition\Audio_Speech_Actors_01-24_16k\Actor_01\03-01-02-01-02-02-01.wav,1,calm,1
C:\Users\MAHESH\OneDrive\Documents\ML\projects\Emotion_recognition\Audio_Speech_Actors_01-24_16k\Actor_01\03-01-02-02-01-01-01.wav,1,calm,1
C:\Users\MAHESH\OneDrive\Documents\ML\projects\Emotion_recognition\Audio_Speech_Actors_01-24_16k\Actor_01\03-01-02-02-01-02-01.wav,1,calm,1
C:\Users\MAHESH\OneDrive\Documents\ML\projects\Emotion_recognition\Audio_Speech_Actors_01-24_16k\Actor_01\03-01-02-02-02-01-01.wav,1,calm,1
C:\Users\MAHESH\OneDrive\Documents\ML\projects\Emotion_recognition\Audio_Speech_Actors_01-24_16k\Actor_01\03-01-02-02-02-02-01.wav,1,calm,1
C:\Users\MAHESH\OneDrive\Documents\ML\projects\Emotion_recognition\Audio_Speech_Actors_01-24_16k\Actor_01\03-01-03-01-01-01-01.wav,1,happy,2
C:\Users\MAHESH\OneDrive\Documents\ML\projects\Emotion_recognition\Audio_Speech_Actors_01-24_16k\Actor_01\03-01-03-01-01-02-01.wav,1,happy,2
C:\Users\MAHESH\OneDrive\Documents\ML\projects\Emotion_recognition\Audio_Speech_Actors_01-24_16k\Actor_01\03-01-03-01-02-01-01.wav,1,happy,2
C:\Users\MAHESH\OneDrive\Documents\ML\projects\Emotion_recognition\Audio_Speech_Actors_01-24_16k\Actor_01\03-01-03-01-02-02-01.wav,1,happy,2
C:\Users\MAHESH\OneDrive\Documents\ML\projects\Emotion_recognition\Audio_Speech_Actors_01-24_16k\Actor_01\03-01-03-02-01-01-01.wav,1,happy,2
C:\Users\MAHESH\OneDrive\Documents\ML\projects\Emotion_recognition\Audio_Speech_Actors_01-24_16k\Actor_01\03-01-03-02-01-02-01.wav,1,happy,2
C:\Users\MAHESH\OneDrive\Documents\ML\projects\Emotion_recognition\Audio_Speech_Actors_01-24_16k\Actor_01\03-01-03-02-02-01-01.wav,1,happy,2
C:\Users\MAHESH\OneDrive\Documents\ML\projects\Emotion_recognition\Audio_Speech_Actors_01-24_16k\Actor_01\03-01-03-02-02-02-01.wav,1,happy,2
C:\Users\MAHESH\OneDrive\Documents\ML\projects\Emotion_recognition\Audio_Speech_Actors_01-24_16k\Actor_01\03-01-04-01-01-01-01.wav,1,sad,3
C:\Users\MAHESH\OneDrive\Documents\ML\projects\Emotion_recognition\Audio_Speech_Actors_01-24_16k\Actor_01\03-01-04-01-01-02-01.wav,1,sad,3
C:\Users\MAHESH\OneDrive\Documents\ML\projects\Emotion_recognition\Audio_Speech_Actors_01-24_16k\Actor_01\03-01-04-01-02-01-01.wav,1,sad,3
C:\Users\MAHESH\OneDrive\Documents\ML\projects\Emotion_recognition\Audio_Speech_Actors_01-24_16k\Actor_01\03-01-04-01-02-02-01.wav,1,sad,3
C:\Users\MAHESH\OneDrive\Documents\ML\projects\Emotion_recognition\Audio_Speech_Actors_01-24_16k\Actor_01\03-01-04-02-01-01-01.wav,1,sad,3
C:\Users\MAHESH\OneDrive\Documents\ML\projects\Emotion_recognition\Audio_Speech_Actors_01-24_16k\Actor_01\03-01-04-02-01-02-01.wav,1,sad,3
C:\Users\MAHESH\OneDrive\Documents\ML\projects\Emotion_recognition\Audio_Speech_Actors_01-24_16k\Actor_01\03-01-04-02-02-01-01.wav,1,sad,3
C:\Users\MAHESH\OneDrive\Documents\ML\projects\Emotion_recognition\Audio_Speech_Actors_01-24_16k\Actor_01\03-01-04-02-02-02-01.wav,1,sad,3
C:\Users\MAHESH\OneDrive\Documents\ML\projects\Emotion_recognition\Audio_Speech_Actors_01-24_16k\Actor_01\03-01-05-01-01-01-01.wav,1,angry,4
C:\Users\MAHESH\OneDrive\Documents\ML\projects\Emotion_recognition\Audio_Speech_Actors_01-24_16k\Actor_01\03-01-05-01-01-02-01.wav,1,angry,4
C:\Users\MAHESH\OneDrive\Documents\ML\projects\Emotion_recognition\Audio_Speech_Actors_01-24_16k\Actor_01\03-01-05-01-02-01-01.wav,1,angry,4
C:\Users\MAHESH\OneDrive\Documents\ML\projects\Emotion_recognition\Audio_Speech_Actors_01-24_16k\Actor_01\03-01-05-01-02-02-01.wav,1,angry,4
C:\Users\MAHESH\OneDrive\Documents\ML\projects\Emotion_recognition\Audio_Speech_Actors_01-24_16k\Actor_01\03-01-05-02-01-01-01.wav,1,angry,4
C:\Users\MAHESH\OneDrive\Documents\ML\projects\Emotion_recognition\Audio_Speech_Actors_01-24_16k\Actor_01\03-01-05-02-01-02-01.wav,1,angry,4
C:\Users\MAHESH\OneDrive\Documents\ML\projects\Emotion_recognition\Audio_Speech_Actors_01-24_16k\Actor_01\03-01-05-02-02-01-01.wav,1,angry,4
C:\Users\MAHESH\OneDrive\Documents\ML\projects\Emotion_recognition\Audio_Speech_Actors_01-24_16k\Actor_01\03-01-05-02-02-02-01.wav,1,angry,4
C:\Users\MAHESH\OneDrive\Documents\ML\projects\Emotion_recognition\Audio_Speech_Actors_01-24_16k\Actor_01\03-01-06-01-01-01-01.wav,1,fearful,5
C:\Users\MAHESH\OneDrive\Documents\ML\projects\Emotion_recognition\Audio_Speech_Actors_01-24_16k\Actor_01\03-01-06-01-01-02-01.wav,1,fearful,5
C:\Users\MAHESH\OneDrive\Documents\ML\projects\Emotion_recognition\Audio_Speech_Actors_01-24_16k\Actor_01\03-01-06-01-02-01-01.wav,1,fearful,5
C:\Users\MAHESH\OneDrive\Documents\ML\projects\Emotion_recognition\Audio_Speech_Actors_01-24_16k\Actor_01\03-01-06-01-02-02-01.wav,1,fearful,5
C:\Users\MAHESH\OneDrive\Documents\ML\projects\Emotion_recognition\Audio_Speech_Actors_01-24_16k\Actor_01\03-01-06-02-01-01-01.wav,1,fearful,5
C:\Users\MAHESH\OneDrive\Documents\ML\projects\Emotion_recognition\Audio_Speech_Actors_01-24_16k\Actor_01\03-01-06-02-01-02-01.wav,1,fearful,5
C:\Users\MAHESH\OneDrive\Documents\ML\projects\Emotion_recognition\Audio_Speech_Actors_01-24_16k\Actor_01\03-01-06-02-02-01-01.wav,1,fearful,5
C:\Users\MAHESH\OneDrive\Documents\ML\projects\Emotion_recognition\Audio_Speech_Actors_01-24_16k\Actor_01\03-01-06-02-02-02-01.wav,1,fearful,5
C:\Users\MAHESH\OneDrive\Documents\ML\projects\Emotion_recognition\Audio_Speech_Actors_01-24_16k\Actor_01\03-01-07-01-01-01-01.wav,1,disgust,6
C:\Users\MAHESH\OneDrive\Documents\ML\projects\Emotion_recognition\Audio_Speech_Actors_01-24_16k\Actor_01\03-01-07-01-01-02-01.wav,1,disgust,6
C:\Users\MAHESH\OneDrive\Documents\ML\projects\Emotion_recognition\Audio_Speech_Actors_01-24_16k\Actor_01\03-01-07-01-02-01-01.wav,1,disgust,6
C:\Users\MAHESH\OneDrive\Documents\ML\projects\Emotion_recognition\Audio_Speech_Actors_01-24_16k\Actor_01\03-01-07-01-02-02-01.wav,1,disgust,6
C:\Users\MAHESH\OneDrive\Documents\ML\projects\Emotion_recognition\Audio_Speech_Actors_01-24_16k\Actor_01\03-01-07-02-01-01-01.wav,1,disgust,6
C:\Users\MAHESH\OneDrive\Documents\ML\projects\Emotion_recognition\Audio_Speech_Actors_01-24_16k\Actor_01\03-01-07-02-01-02-01.wav,1,disgust,6
C:\Users\MAHESH\OneDrive\Documents\ML\projects\Emotion_recognition\Audio_Speech_Actors_01-24_16k\Actor_01\03-01-07-02-02-01-01.wav,1,disgust,6
C:\Users\MAHESH\OneDrive\Documents\ML\projects\Emotion_recognition\Audio_Speech_Actors_01-24_16k\Actor_01\03-01-07-02-02-02-01.wav,1,disgust,6
C:\Users\MAHESH\OneDrive\Documents\ML\projects\Emotion_recognition\Audio_Speech_Actors_01-24_16k\Actor_01\03-01-08-01-01-01-01.wav,1,surprised,7
C:\Users\MAHESH\OneDrive\Documents\ML\projects\Emotion_recognition\Audio_Speech_Actors_01-24_16k\Actor_01\03-01-08-01-01-02-01.wav,1,surprised,7
C:\Users\MAHESH\OneDrive\Documents\ML\projects\Emotion_recognition\Audio_Speech_Actors_01-24_16k\Actor_01\03-01-08-01-02-01-01.wav,1,surprised,7
C:\Users\MAHESH\OneDrive\Documents\ML\projects\Emotion_recognition\Audio_Speech_Actors_01-24_16k\Actor_01\03-01-08-01-02-02-01.wav,1,surprised,7
C:\Users\MAHESH\OneDrive\Documents\ML\projects\Emotion_recognition\Audio_Speech_Actors_01-24_16k\Actor_01\03-01-08-02-01-01-01.wav,1,surprised,7
C:\Users\MAHESH\OneDrive\Documents\ML\projects\Emotion_recognition\Audio_Speech_Actors_01-24_16k\Actor_01\03-01-08-02-01-02-01.wav,1,surprised,7
C:\Users\MAHESH\OneDrive\Documents\ML\projects\Emotion_recognition\Audio_Speech_Actors_01-24_16k\Actor_01\03-01-08-02-02-01-01.wav,1,surprised,7
C:\Users\MAHESH\OneDrive\Documents\ML\projects\Emotion_recognition\Audio_Speech_Actors_01-24_16k\Actor_01\03-01-08-02-02-02-01.wav,1,surprised,7
C:\Users\MAHESH\OneDrive\Documents\ML\projects\Emotion_recognition\Audio_Speech_Actors_01-24_16k\Actor_02\03-01-01-01-01-01-02.wav,2,neutral,0
C:\Users\MAHESH\OneDrive\Documents\ML\projects\Emotion_recognition\Audio_Speech_Actors_01-24_16k\Actor_02\03-01-01-01-01-02-02.wav,2,neutral,0
C:\Users\MAHESH\OneDrive\Documents\ML\projects\Emotion_recognition\Audio_Speech_Actors_01-24_16k\Actor_02\03-01-01-01-02-01-02.wav,2,neutral,0
C:\Users\MAHESH\OneDrive\Documents\ML\projects\Emotion_recognition\Audio_Speech_Actors_01-24_16k\Actor_02\03-01-01-01-02-02-02.wav,2,neutral,0
C:\Users\MAHESH\OneDrive\Documents\ML\projects\Emotion_recognition\Audio_Speech_Actors_01-24_16k\Actor_02\03-01-02-01-01-01-02.wav,2,calm,1
C:\Users\MAHESH\OneDrive\Documents\ML\projects\Emotion_recognition\Audio_Speech_Actors_01-24_16k\Actor_02\03-01-02-01-01-02-02.wav,2,calm,1
C:\Users\MAHESH\OneDrive\Documents\ML\projects\Emotion_recognition\Audio_Speech_Actors_01-24_16k\Actor_02\03-01-02-01-02-01-02.wav,2,calm,1
C:\Users\MAHESH\OneDrive\Documents\ML\projects\Emotion_recognition\Audio_Speech_Actors_01-24_16k\Actor_02\03-01-02-01-02-02-02.wav,2,calm,1
C:\Users\MAHESH\OneDrive\Documents\ML\projects\Emotion_recognition\Audio_Speech_Actors_01-24_16k\Actor_02\03-01-02-02-01-01-02.wav,2,calm,1
C:\Users\MAHESH\OneDrive\Documents\ML\projects\Emotion_recognition\Audio_Speech_Actors_01-24_16k\Actor_02\03-01-02-02-01-02-02.wav,2,calm,1
C:\Users\MAHESH\OneDrive\Documents\ML\projects\Emotion_recognition\Audio_Speech_Actors_01-24_16k\Actor_02\03-01-02-02-02-01-02.wav,2,calm,1
C:\Users\MAHESH\OneDrive\Documents\ML\projects\Emotion_recognition\Audio_Speech_Actors_01-24_16k\Actor_02\03-01-02-02-02-02-02.wav,2,calm,1
C:\Users\MAHESH\OneDrive\Documents\ML\projects\Emotion_recognition\Audio_Speech_Actors_01-24_16k\Actor_02\03-01-03-01-01-01-02.wav,2,happy,2
C:\Users\MAHESH\OneDrive\Documents\ML\projects\Emotion_recognition\Audio_Speech_Actors_01-24_16k\Actor_02\03-01-03-01-01-02-02.wav,2,happy,2
C:\Users\MAHESH\OneDrive\Documents\ML\projects\Emotion_recognition\Audio_Speech_Actors_01-24_16k\Actor_02\03-01-03-01-02-01-02.wav,2,happy,2
C:\Users\MAHESH\OneDrive\Documents\ML\projects\Emotion_recognition\Audio_Speech_Actors_01-24_16k\Actor_02\03-01-03-01-02-02-02.wav,2,happy,2
C:\Users\MAHESH\OneDrive\Documents\ML\projects\Emotion_recognition\Audio_Speech_Actors_01-24_16k\Actor_02\03-01-03-02-01-01-02.wav,2,happy,2
C:\Users\MAHESH\OneDrive\Documents\ML\projects\Emotion_recognition\Audio_Speech_Actors_01-24_16k\Actor_02\03-01-03-02-01-02-02.wav,2,happy,2
C:\Users\MAHESH\OneDrive\Documents\ML\projects\Emotion_recognition\Audio_Speech_Actors_01-24_16k\Actor_02\03-01-03-02-02-01-02.wav,2,happy,2
C:\Users\MAHESH\OneDrive\Documents\ML\projects\Emotion_recognition\Audio_Speech_Actors_01-24_16k\Actor_02\03-01-03-02-02-02-02.wav,2,happy,2
C:\Users\MAHESH\OneDrive\Documents\ML\projects\Emotion_recognition\Audio_Speech_Actors_01-24_16k\Actor_02\03-01-04-01-01-01-02.wav,2,sad,3
C:\Users\MAHESH\OneDrive\Documents\ML\projects\Emotion_recognition\Audio_Speech_Actors_01-24_16k\Actor_02\03-01-04-01-01-02-02.wav,2,sad,3
C:\Users\MAHESH\OneDrive\Documents\ML\projects\Emotion_recognition\Audio_Speech_Actors_01-24_16k\Actor_02\03-01-04-01-02-01-02.wav,2,sad,3
C:\Users\MAHESH\OneDrive\Documents\ML\projects\Emotion_recognition\Audio_Speech_Actors_01-24_16k\Actor_02\03-01-04-01-02-02-02.wav,2,sad,3
C:\Users\MAHESH\OneDrive\Documents\ML\projects\Emotion_recognition\Audio_Speech_Actors_01-24_16k\Actor_02\03-01-04-02-01-01-02.wav,2,sad,3
C:\Users\MAHESH\OneDrive\Documents\ML\projects\Emotion_recognition\Audio_Speech_Actors_01-24_16k\Actor_02\03-01-04-02-01-02-02.wav,2,sad,3
C:\Users\MAHESH\OneDrive\Documents\ML\projects\Emotion_recognition\Audio_Speech_Actors_01-24_16k\Actor_02\03-01-04-02-02-01-02.wav,2,sad,3
C:\Users\MAHESH\OneDrive\Documents\ML\projects\Emotion_recognition\Audio_Speech_Actors_01-24_16k\Actor_02\03-01-04-02-02-02-02.wav,2,sad,3
C:\Users\MAHESH\OneDrive\Documents\ML\projects\Emotion_recognition\Audio_Speech_Actors_01-24_16k\Actor_02\03-01-05-01-01-01-02.wav,2,angry,4
C:\Users\MAHESH\OneDrive\Documents\ML\projects\Emotion_recognition\Audio_Speech_Actors_01-24_16k\Actor_02\03-01-05-01-01-02-02.wav,2,angry,4
C:\Users\MAHESH\OneDrive\Documents\ML\projects\Emotion_recognition\Audio_Speech_Actors_01-24_16k\Actor_02\03-01-05-01-02-01-02.wav,2,angry,4
C:\Users\MAHESH\OneDrive\Documents\ML\projects\Emotion_recognition\Audio_Speech_Actors_01-24_16k\Actor_02\03-01-05-01-02-02-02.wav,2,angry,4
C:\Users\MAHESH\OneDrive\Documents\ML\projects\Emotion_recognition\Audio_Speech_Actors_01-24_16k\Actor_02\03-01-05-02-01-01-02.wav,2,angry,4
C:\Users\MAHESH\OneDrive\Documents\ML\projects\Emotion_recognition\Audio_Speech_Actors_01-24_16k\Actor_02\03-01-05-02-01-02-02.wav,2,angry,4
C:\Users\MAHESH\OneDrive\Documents\ML\projects\Emotion_recognition\Audio_Speech_Actors_01-24_16k\Actor_02\03-01-05-02-02-01-02.wav,2,angry,4
C:\Users\MAHESH\OneDrive\Documents\ML\projects\Emotion_recognition\Audio_Speech_Actors_01-24_16k\Actor_02\03-01-05-02-02-02-02.wav,2,angry,4
C:\Users\MAHESH\OneDrive\Documents\ML\projects\Emotion_recognition\Audio_Speech_Actors_01-24_16k\Actor_02\03-01-06-01-01-01-02.wav,2,fearful,5
C:\Users\MAHESH\OneDrive\Documents\ML\projects\Emotion_recognition\Audio_Speech_Actors_01-24_16k\Actor_02\03-01-06-01-01-02-02.wav,2,fearful,5
C:\Users\MAHESH\OneDrive\Documents\ML\projects\Emotion_recognition\Audio_Speech_Actors_01-24_16k\Actor_02\03-01-06-01-02-01-02.wav,2,fearful,5
C:\Users\MAHESH\OneDrive\Documents\ML\projects\Emotion_recognition\Audio_Speech_Actors_01-24_16k\Actor_02\03-01-06-01-02-02-02.wav,2,fearful,5
C:\Users\MAHESH\OneDrive\Documents\ML\projects\Emotion_recognition\Audio_Speech_Actors_01-24_16k\Actor_02\03-01-06-02-01-01-02.wav,2,fearful,5
C:\Users\MAHESH\OneDrive\Documents\ML\projects\Emotion_recognition\Audio_Speech_Actors_01-24_16k\Actor_02\03-01-06-02-01-02-02.wav,2,fearful,5
C:\Users\MAHESH\OneDrive\Documents\ML\projects\Emotion_recognition\Audio_Speech_Actors_01-24_16k\Actor_02\03-01-06-02-02-01-02.wav,2,fearful,5
C:\Users\MAHESH\OneDrive\Documents\ML\projects\Emotion_recognition\Audio_Speech_Actors_01-24_16k\Actor_02\03-01-06-02-02-02-02.wav,2,fearful,5
C:\Users\MAHESH\OneDrive\Documents\ML\projects\Emotion_recognition\Audio_Speech_Actors_01-24_16k\Actor_02\03-01-07-01-01-01-02.wav,2,disgust,6
C:\Users\MAHESH\OneDrive\Documents\ML\projects\Emotion_recognition\Audio_Speech_Actors_01-24_16k\Actor_02\03-01-07-01-01-02-02.wav,2,disgust,6
C:\Users\MAHESH\OneDrive\Documents\ML\projects\Emotion_recognition\Audio_Speech_Actors_01-24_16k\Actor_02\03-01-07-01-02-01-02.wav,2,disgust,6
C:\Users\MAHESH\OneDrive\Documents\ML\projects\Emotion_recognition\Audio_Speech_Actors_01-24_16k\Actor_02\03-01-07-01-02-02-02.wav,2,disgust,6
C:\Users\MAHESH\OneDrive\Documents\ML\projects\Emotion_recognition\Audio_Speech_Actors_01-24_16k\Actor_02\03-01-07-02-01-01-02.wav,2,disgust,6
C:\Users\MAHESH\OneDrive\Documents\ML\projects\Emotion_recognition\Audio_Speech_Actors_01-24_16k\Actor_02\03-01-07-02-01-02-02.wav,2,disgust,6
C:\Users\MAHESH\OneDrive\Documents\ML\projects\Emotion_recognition\Audio_Speech_Actors_01-24_16k\Actor_02\03-01-07-02-02-01-02.wav,2,disgust,6
C:\Users\MAHESH\OneDrive\Documents\ML\projects\Emotion_recognition\Audio_Speech_Actors_01-24_16k\Actor_02\03-01-07-02-02-02-02.wav,2,disgust,6
C:\Users\MAHESH\OneDrive\Documents\ML\projects\Emotion_recognition\Audio_Speech_Actors_01-24_16k\Actor_02\03-01-08-01-01-01-02.wav,2,surprised,7
C:\Users\MAHESH\OneDrive\Documents\ML\projects\Emotion_recognition\Audio_Speech_Actors_01-24_16k\Actor_02\03-01-08-01-01-02-02.wav,2,surprised,7
C:\Users\MAHESH\OneDrive\Documents\ML\projects\Emotion_recognition\Audio_Speech_Actors_01-24_16k\Actor_02\03-01-08-01-02-01-02.wav,2,surprised,7
C:\Users\MAHESH\OneDrive\Documents\ML\projects\Emotion_recognition\Audio_Speech_Actors_01-24_16k\Actor_02\03-01-08-01-02-02-02.wav,2,surprised,7
C:\Users\MAHESH\OneDrive\Documents\ML\projects\Emotion_recognition\Audio_Speech_Actors_01-24_16k\Actor_02\03-01-08-02-01-01-02.wav,2,surprised,7
C:\Users\MAHESH\OneDrive\Documents\ML\projects\Emotion_recognition\Audio_Speech_Actors_01-24_16k\Actor_02\03-01-08-02-01-02-02.wav,2,surprised,7
C:\Users\MAHESH\OneDrive\Documents\ML\projects\Emotion_recognition\Audio_Speech_Actors_01-24_16k\Actor_02\03-01-08-02-02-01-02.wav,2,surprised,7
C:\Users\MAHESH\OneDrive\Documents\ML\projects\Emotion_recognition\Audio_Speech_Actors_01-24_16k\Actor_02\03-01-08-02-02-02-02.wav,2,surprised,7
C:\Users\MAHESH\OneDrive\Documents\ML\projects\Emotion_recognition\Audio_Speech_Actors_01-24_16k\Actor_03\03-01-01-01-01-01-03.wav,3,neutral,0
C:\Users\MAHESH\OneDrive\Documents\ML\projects\Emotion_recognition\Audio_Speech_Actors_01-24_16k\Actor_03\03-01-01-01-01-02-03.wav,3,neutral,0
C:\Users\MAHESH\OneDrive\Documents\ML\projects\Emotion_recognition\Audio_Speech_Actors_01-24_16k\Actor_03\03-01-01-01-02-01-03.wav,3,neutral,0
C:\Users\MAHESH\OneDrive\Documents\ML\projects\Emotion_recognition\Audio_Speech_Actors_01-24_16k\Actor_03\03-01-01-01-02-02-03.wav,3,neutral,0
C:\Users\MAHESH\OneDrive\Documents\ML\projects\Emotion_recognition\Audio_Speech_Actors_01-24_16k\Actor_03\03-01-02-01-01-01-03.wav,3,calm,1
C:\Users\MAHESH\OneDrive\Documents\ML\projects\Emotion_recognition\Audio_Speech_Actors_01-24_16k\Actor_03\03-01-02-01-01-02-03.wav,3,calm,1
C:\Users\MAHESH\OneDrive\Documents\ML\projects\Emotion_recognition\Audio_Speech_Actors_01-24_16k\Actor_03\03-01-02-01-02-01-03.wav,3,calm,1
C:\Users\MAHESH\OneDrive\Documents\ML\projects\Emotion_recognition\Audio_Speech_Actors_01-24_16k\Actor_03\03-01-02-01-02-02-03.wav,3,calm,1
C:\Users\MAHESH\OneDrive\Documents\ML\projects\Emotion_recognition\Audio_Speech_Actors_01-24_16k\Actor_03\03-01-02-02-01-01-03.wav,3,calm,1
C:\Users\MAHESH\OneDrive\Documents\ML\projects\Emotion_recognition\Audio_Speech_Actors_01-24_16k\Actor_03\03-01-02-02-01-02-03.wav,3,calm,1
C:\Users\MAHESH\OneDrive\Documents\ML\projects\Emotion_recognition\Audio_Speech_Actors_01-24_16k\Actor_03\03-01-02-02-02-01-03.wav,3,calm,1
C:\Users\MAHESH\OneDrive\Documents\ML\projects\Emotion_recognition\Audio_Speech_Actors_01-24_16k\Actor_03\03-01-02-02-02-02-03.wav,3,calm,1
C:\Users\MAHESH\OneDrive\Documents\ML\projects\Emotion_recognition\Audio_Speech_Actors_01-24_16k\Actor_03\03-01-03-01-01-01-03.wav,3,happy,2
C:\Users\MAHESH\OneDrive\Documents\ML\projects\Emotion_recognition\Audio_Speech_Actors_01-24_16k\Actor_03\03-01-03-01-01-02-03.wav,3,happy,2
C:\Users\MAHESH\OneDrive\Documents\ML\projects\Emotion_recognition\Audio_Speech_Actors_01-24_16k\Actor_03\03-01-03-01-02-01-03.wav,3,happy,2
C:\Users\MAHESH\OneDrive\Documents\ML\projects\Emotion_recognition\Audio_Speech_Actors_01-24_16k\Actor_03\03-01-03-01-02-02-03.wav,3,happy,2
C:\Users\MAHESH\OneDrive\Documents\ML\projects\Emotion_recognition\Audio_Speech_Actors_01-24_16k\Actor_03\03-01-03-02-01-01-03.wav,3,happy,2
C:\Users\MAHESH\OneDrive\Documents\ML\projects\Emotion_recognition\Audio_Speech_Actors_01-24_16k\Actor_03\03-01-03-02-01-02-03.wav,3,happy,2
C:\Users\MAHESH\OneDrive\Documents\ML\projects\Emotion_recognition\Audio_Speech_Actors_01-24_16k\Actor_03\03-01-03-02-02-01-03.wav,3,happy,2
C:\Users\MAHESH\OneDrive\Documents\ML\projects\Emotion_recognition\Audio_Speech_Actors_01-24_16k\Actor_03\03-01-03-02-02-02-03.wav,3,happy,2
C:\Users\MAHESH\OneDrive\Documents\ML\projects\Emotion_recognition\Audio_Speech_Actors_01-24_16k\Actor_03\03-01-04-01-01-01-03.wav,3,sad,3
C:\Users\MAHESH\OneDrive\Documents\ML\projects\Emotion_recognition\Audio_Speech_Actors_01-24_16k\Actor_03\03-01-04-01-01-02-03.wav,3,sad,3
C:\Users\MAHESH\OneDrive\Documents\ML\projects\Emotion_recognition\Audio_Speech_Actors_01-24_16k\Actor_03\03-01-04-01-02-01-03.wav,3,sad,3
C:\Users\MAHESH\OneDrive\Documents\ML\projects\Emotion_recognition\Audio_Speech_Actors_01-24_16k\Actor_03\03-01-04-01-02-02-03.wav,3,sad,3
C:\Users\MAHESH\OneDrive\Documents\ML\projects\Emotion_recognition\Audio_Speech_Actors_01-24_16k\Actor_03\03-01-04-02-01-01-03.wav,3,sad,3
C:\Users\MAHESH\OneDrive\Documents\ML\projects\Emotion_recognition\Audio_Speech_Actors_01-24_16k\Actor_03\03-01-04-02-01-02-03.wav,3,sad,3
C:\Users\MAHESH\OneDrive\Documents\ML\projects\Emotion_recognition\Audio_Speech_Actors_01-24_16k\Actor_03\03-01-04-02-02-01-03.wav,3,sad,3
C:\Users\MAHESH\OneDrive\Documents\ML\projects\Emotion_recognition\Audio_Speech_Actors_01-24_16k\Actor_03\03-01-04-02-02-02-03.wav,3,sad,3
C:\Users\MAHESH\OneDrive\Documents\ML\projects\Emotion_recognition\Audio_Speech_Actors_01-24_16k\Actor_03\03-01-05-01-01-01-03.wav,3,angry,4
C:\Users\MAHESH\OneDrive\Documents\ML\projects\Emotion_recognition\Audio_Speech_Actors_01-24_16k\Actor_03\03-01-05-01-01-02-03.wav,3,angry,4
C:\Users\MAHESH\OneDrive\Documents\ML\projects\Emotion_recognition\Audio_Speech_Actors_01-24_16k\Actor_03\03-01-05-01-02-01-03.wav,3,angry,4
C:\Users\MAHESH\OneDrive\Documents\ML\projects\Emotion_recognition\Audio_Speech_Actors_01-24_16k\Actor_03\03-01-05-01-02-02-03.wav,3,angry,4
C:\Users\MAHESH\OneDrive\Documents\ML\projects\Emotion_recognition\Audio_Speech_Actors_01-24_16k\Actor_03\03-01-05-02-01-01-03.wav,3,angry,4
C:\Users\MAHESH\OneDrive\Documents\ML\projects\Emotion_recognition\Audio_Speech_Actors_01-24_16k\Actor_03\03-01-05-02-01-02-03.wav,3,angry,4
C:\Users\MAHESH\OneDrive\Documents\ML\projects\Emotion_recognition\Audio_Speech_Actors_01-24_16k\Actor_03\03-01-05-02-02-01-03.wav,3,angry,4
C:\Users\MAHESH\OneDrive\Documents\ML\projects\Emotion_recognition\Audio_Speech_Actors_01-24_16k\Actor_03\03-01-05-02-02-02-03.wav,3,angry,4
C:\Users\MAHESH\OneDrive\Documents\ML\projects\Emotion_recognition\Audio_Speech_Actors_01-24_16k\Actor_03\03-01-06-01-01-01-03.wav,3,fearful,5
C:\Users\MAHESH\OneDrive\Documents\ML\projects\Emotion_recognition\Audio_Speech_Actors_01-24_16k\Actor_03\03-01-06-01-01-02-03.wav,3,fearful,5
C:\Users\MAHESH\OneDrive\Documents\ML\projects\Emotion_recognition\Audio_Speech_Actors_01-24_16k\Actor_03\03-01-06-01-02-01-03.wav,3,fearful,5
C:\Users\MAHESH\OneDrive\Documents\ML\projects\Emotion_recognition\Audio_Speech_Actors_01-24_16k\Actor_03\03-01-06-01-02-02-03.wav,3,fearful,5
C:\Users\MAHESH\OneDrive\Documents\ML\projects\Emotion_recognition\Audio_Speech_Actors_01-24_16k\Actor_03\03-01-06-02-01-01-03.wav,3,fearful,5
C:\Users\MAHESH\OneDrive\Documents\ML\projects\Emotion_recognition\Audio_Speech_Actors_01-24_16k\Actor_03\03-01-06-02-01-02-03.wav,3,fearful,5
C:\Users\MAHESH\OneDrive\Documents\ML\projects\Emotion_recognition\Audio_Speech_Actors_01-24_16k\Actor_03\03-01-06-02-02-01-03.wav,3,fearful,5
C:\Users\MAHESH\OneDrive\Documents\ML\projects\Emotion_recognition\Audio_Speech_Actors_01-24_16k\Actor_03\03-01-06-02-02-02-03.wav,3,fearful,5
C:\Users\MAHESH\OneDrive\Documents\ML\projects\Emotion_recognition\Audio_Speech_Actors_01-24_16k\Actor_03\03-01-07-01-01-01-03.wav,3,disgust,6
C:\Users\MAHESH\OneDrive\Documents\ML\projects\Emotion_recognition\Audio_Speech_Actors_01-24_16k\Actor_03\03-01-07-01-01-02-03.wav,3,disgust,6
C:\Users\MAHESH\OneDrive\Documents\ML\projects\Emotion_recognition\Audio_Speech_Actors_01-24_16k\Actor_03\03-01-07-01-02-01-03.wav,3,disgust,6
C:\Users\MAHESH\OneDrive\Documents\ML\projects\Emotion_recognition\Audio_Speech_Actors_01-24_16k\Actor_03\03-01-07-01-02-02-03.wav,3,disgust,6
C:\Users\MAHESH\OneDrive\Documents\ML\projects\Emotion_recognition\Audio_Speech_Actors_01-24_16k\Actor_03\03-01-07-02-01-01-03.wav,3,disgust,6
C:\Users\MAHESH\OneDrive\Documents\ML\projects\Emotion_recognition\Audio_Speech_Actors_01-24_16k\Actor_03\03-01-07-02-01-02-03.wav,3,disgust,6
C:\Users\MAHESH\OneDrive\Documents\ML\projects\Emotion_recognition\Audio_Speech_Actors_01-24_16k\Actor_03\03-01-07-02-02-01-03.wav,3,disgust,6
C:\Users\MAHESH\OneDrive\Documents\ML\projects\Emotion_recognition\Audio_Speech_Actors_01-24_16k\Actor_03\03-01-07-02-02-02-03.wav,3,disgust,6
C:\Users\MAHESH\OneDrive\Documents\ML\projects\Emotion_recognition\Audio_Speech_Actors_01-24_16k\Actor_03\03-01-08-01-01-01-03.wav,3,surprised,7
C:\Users\MAHESH\OneDrive\Documents\ML\projects\Emotion_recognition\Audio_Speech_Actors_01-24_16k\Actor_03\03-01-08-01-01-02-03.wav,3,surprised,7
C:\Users\MAHESH\OneDrive\Documents\ML\projects\Emotion_recognition\Audio_Speech_Actors_01-24_16k\Actor_03\03-01-08-01-02-01-03.wav,3,surprised,7
C:\Users\MAHESH\OneDrive\Documents\ML\projects\Emotion_recognition\Audio_Speech_Actors_01-24_16k\Actor_03\03-01-08-01-02-02-03.wav,3,surprised,7
C:\Users\MAHESH\OneDrive\Documents\ML\projects\Emotion_recognition\Audio_Speech_Actors_01-24_16k\Actor_03\03-01-08-02-01-01-03.wav,3,surprised,7
C:\Users\MAHESH\OneDrive\Documents\ML\projects\Emotion_recognition\Audio_Speech_Actors_01-24_16k\Actor_03\03-01-08-02-01-02-03.wav,3,surprised,7
C:\Users\MAHESH\OneDrive\Documents\ML\projects\Emotion_recognition\Audio_Speech_Actors_01-24_16k\Actor_03\03-01-08-02-02-01-03.wav,3,surprised,7
C:\Users\MAHESH\OneDrive\Documents\ML\projects\Emotion_recognition\Audio_Speech_Actors_01-24_16k\Actor_03\03-01-08-02-02-02-03.wav,3,surprised,7
C:\Users\MAHESH\OneDrive\Documents\ML\projects\Emotion_recognition\Audio_Speech_Actors_01-24_16k\Actor_04\03-01-01-01-01-01-04.wav,4,neutral,0
C:\Users\MAHESH\OneDrive\Documents\ML\projects\Emotion_recognition\Audio_Speech_Actors_01-24_16k\Actor_04\03-01-01-01-01-02-04.wav,4,neutral,0
C:\Users\MAHESH\OneDrive\Documents\ML\projects\Emotion_recognition\Audio_Speech_Actors_01-24_16k\Actor_04\03-01-01-01-02-01-04.wav,4,neutral,0
C:\Users\MAHESH\OneDrive\Documents\ML\projects\Emotion_recognition\Audio_Speech_Actors_01-24_16k\Actor_04\03-01-01-01-02-02-04.wav,4,neutral,0
C:\Users\MAHESH\OneDrive\Documents\ML\projects\Emotion_recognition\Audio_Speech_Actors_01-24_16k\Actor_04\03-01-02-01-01-01-04.wav,4,calm,1
C:\Users\MAHESH\OneDrive\Documents\ML\projects\Emotion_recognition\Audio_Speech_Actors_01-24_16k\Actor_04\03-01-02-01-01-02-04.wav,4,calm,1
C:\Users\MAHESH\OneDrive\Documents\ML\projects\Emotion_recognition\Audio_Speech_Actors_01-24_16k\Actor_04\03-01-02-01-02-01-04.wav,4,calm,1
C:\Users\MAHESH\OneDrive\Documents\ML\projects\Emotion_recognition\Audio_Speech_Actors_01-24_16k\Actor_04\03-01-02-01-02-02-04.wav,4,calm,1
C:\Users\MAHESH\OneDrive\Documents\ML\projects\Emotion_recognition\Audio_Speech_Actors_01-24_16k\Actor_04\03-01-02-02-01-01-04.wav,4,calm,1
C:\Users\MAHESH\OneDrive\Documents\ML\projects\Emotion_recognition\Audio_Speech_Actors_01-24_16k\Actor_04\03-01-02-02-01-02-04.wav,4,calm,1
C:\Users\MAHESH\OneDrive\Documents\ML\projects\Emotion_recognition\Audio_Speech_Actors_01-24_16k\Actor_04\03-01-02-02-02-01-04.wav,4,calm,1
C:\Users\MAHESH\OneDrive\Documents\ML\projects\Emotion_recognition\Audio_Speech_Actors_01-24_16k\Actor_04\03-01-02-02-02-02-04.wav,4,calm,1
C:\Users\MAHESH\OneDrive\Documents\ML\projects\Emotion_recognition\Audio_Speech_Actors_01-24_16k\Actor_04\03-01-03-01-01-01-04.wav,4,happy,2
C:\Users\MAHESH\OneDrive\Documents\ML\projects\Emotion_recognition\Audio_Speech_Actors_01-24_16k\Actor_04\03-01-03-01-01-02-04.wav,4,happy,2
C:\Users\MAHESH\OneDrive\Documents\ML\projects\Emotion_recognition\Audio_Speech_Actors_01-24_16k\Actor_04\03-01-03-01-02-01-04.wav,4,happy,2
C:\Users\MAHESH\OneDrive\Documents\ML\projects\Emotion_recognition\Audio_Speech_Actors_01-24_16k\Actor_04\03-01-03-01-02-02-04.wav,4,happy,2
C:\Users\MAHESH\OneDrive\Documents\ML\projects\Emotion_recognition\Audio_Speech_Actors_01-24_16k\Actor_04\03-01-03-02-01-01-04.wav,4,happy,2
C:\Users\MAHESH\OneDrive\Documents\ML\projects\Emotion_recognition\Audio_Speech_Actors_01-24_16k\Actor_04\03-01-03-02-01-02-04.wav,4,happy,2
C:\Users\MAHESH\OneDrive\Documents\ML\projects\Emotion_recognition\Audio_Speech_Actors_01-24_16k\Actor_04\03-01-03-02-02-01-04.wav,4,happy,2
C:\Users\MAHESH\OneDrive\Documents\ML\projects\Emotion_recognition\Audio_Speech_Actors_01-24_16k\Actor_04\03-01-03-02-02-02-04.wav,4,happy,2
C:\Users\MAHESH\OneDrive\Documents\ML\projects\Emotion_recognition\Audio_Speech_Actors_01-24_16k\Actor_04\03-01-04-01-01-01-04.wav,4,sad,3
C:\Users\MAHESH\OneDrive\Documents\ML\projects\Emotion_recognition\Audio_Speech_Actors_01-24_16k\Actor_04\03-01-04-01-01-02-04.wav,4,sad,3
C:\Users\MAHESH\OneDrive\Documents\ML\projects\Emotion_recognition\Audio_Speech_Actors_01-24_16k\Actor_04\03-01-04-01-02-01-04.wav,4,sad,3
C:\Users\MAHESH\OneDrive\Documents\ML\projects\Emotion_recognition\Audio_Speech_Actors_01-24_16k\Actor_04\03-01-04-01-02-02-04.wav,4,sad,3
C:\Users\MAHESH\OneDrive\Documents\ML\projects\Emotion_recognition\Audio_Speech_Actors_01-24_16k\Actor_04\03-01-04-02-01-01-04.wav,4,sad,3
C:\Users\MAHESH\OneDrive\Documents\ML\projects\Emotion_recognition\Audio_Speech_Actors_01-24_16k\Actor_04\03-01-04-02-01-02-04.wav,4,sad,3
C:\Users\MAHESH\OneDrive\Documents\ML\projects\Emotion_recognition\Audio_Speech_Actors_01-24_16k\Actor_04\03-01-04-02-02-01-04.wav,4,sad,3
C:\Users\MAHESH\OneDrive\Documents\ML\projects\Emotion_recognition\Audio_Speech_Actors_01-24_16k\Actor_04\03-01-04-02-02-02-04.wav,4,sad,3
C:\Users\MAHESH\OneDrive\Documents\ML\projects\Emotion_recognition\Audio_Speech_Actors_01-24_16k\Actor_04\03-01-05-01-01-01-04.wav,4,angry,4
C:\Users\MAHESH\OneDrive\Documents\ML\projects\Emotion_recognition\Audio_Speech_Actors_01-24_16k\Actor_04\03-01-05-01-01-02-04.wav,4,angry,4
C:\Users\MAHESH\OneDrive\Documents\ML\projects\Emotion_recognition\Audio_Speech_Actors_01-24_16k\Actor_04\03-01-05-01-02-01-04.wav,4,angry,4
C:\Users\MAHESH\OneDrive\Documents\ML\projects\Emotion_recognition\Audio_Speech_Actors_01-24_16k\Actor_04\03-01-05-01-02-02-04.wav,4,angry,4
C:\Users\MAHESH\OneDrive\Documents\ML\projects\Emotion_recognition\Audio_Speech_Actors_01-24_16k\Actor_04\03-01-05-02-01-01-04.wav,4,angry,4
C:\Users\MAHESH\OneDrive\Documents\ML\projects\Emotion_recognition\Audio_Speech_Actors_01-24_16k\Actor_04\03-01-05-02-01-02-04.wav,4,angry,4
C:\Users\MAHESH\OneDrive\Documents\ML\projects\Emotion_recognition\Audio_Speech_Actors_01-24_16k\Actor_04\03-01-05-02-02-01-04.wav,4,angry,4
C:\Users\MAHESH\OneDrive\Documents\ML\projects\Emotion_recognition\Audio_Speech_Actors_01-24_16k\Actor_04\03-01-05-02-02-02-04.wav,4,angry,4
C:\Users\MAHESH\OneDrive\Documents\ML\projects\Emotion_recognition\Audio_Speech_Actors_01-24_16k\Actor_04\03-01-06-01-01-01-04.wav,4,fearful,5
C:\Users\MAHESH\OneDrive\Documents\ML\projects\Emotion_recognition\Audio_Speech_Actors_01-24_16k\Actor_04\03-01-06-01-01-02-04.wav,4,fearful,5
C:\Users\MAHESH\OneDrive\Documents\ML\projects\Emotion_recognition\Audio_Speech_Actors_01-24_16k\Actor_04\03-01-06-01-02-01-04.wav,4,fearful,5
C:\Users\MAHESH\OneDrive\Documents\ML\projects\Emotion_recognition\Audio_Speech_Actors_01-24_16k\Actor_04\03-01-06-01-02-02-04.wav,4,fearful,5
C:\Users\MAHESH\OneDrive\Documents\ML\projects\Emotion_recognition\Audio_Speech_Actors_01-24_16k\Actor_04\03-01-06-02-01-01-04.wav,4,fearful,5
C:\Users\MAHESH\OneDrive\Documents\ML\projects\Emotion_recognition\Audio_Speech_Actors_01-24_16k\Actor_04\03-01-06-02-01-02-04.wav,4,fearful,5
C:\Users\MAHESH\OneDrive\Documents\ML\projects\Emotion_recognition\Audio_Speech_Actors_01-24_16k\Actor_04\03-01-06-02-02-01-04.wav,4,fearful,5
C:\Users\MAHESH\OneDrive\Documents\ML\projects\Emotion_recognition\Audio_Speech_Actors_01-24_16k\Actor_04\03-01-06-02-02-02-04.wav,4,fearful,5
C:\Users\MAHESH\OneDrive\Documents\ML\projects\Emotion_recognition\Audio_Speech_Actors_01-24_16k\Actor_04\03-01-07-01-01-01-04.wav,4,disgust,6
C:\Users\MAHESH\OneDrive\Documents\ML\projects\Emotion_recognition\Audio_Speech_Actors_01-24_16k\Actor_04\03-01-07-01-01-02-04.wav,4,disgust,6
C:\Users\MAHESH\OneDrive\Documents\ML\projects\Emotion_recognition\Audio_Speech_Actors_01-24_16k\Actor_04\03-01-07-01-02-01-04.wav,4,disgust,6
C:\Users\MAHESH\OneDrive\Documents\ML\projects\Emotion_recognition\Audio_Speech_Actors_01-24_16k\Actor_04\03-01-07-01-02-02-04.wav,4,disgust,6
C:\Users\MAHESH\OneDrive\Documents\ML\projects\Emotion_recognition\Audio_Speech_Actors_01-24_16k\Actor_04\03-01-07-02-01-01-04.wav,4,disgust,6
C:\Users\MAHESH\OneDrive\Documents\ML\projects\Emotion_recognition\Audio_Speech_Actors_01-24_16k\Actor_04\03-01-07-02-01-02-04.wav,4,disgust,6
C:\Users\MAHESH\OneDrive\Documents\ML\projects\Emotion_recognition\Audio_Speech_Actors_01-24_16k\Actor_04\03-01-07-02-02-01-04.wav,4,disgust,6
C:\Users\MAHESH\OneDrive\Documents\ML\projects\Emotion_recognition\Audio_Speech_Actors_01-24_16k\Actor_04\03-01-07-02-02-02-04.wav,4,disgust,6
C:\Users\MAHESH\OneDrive\Documents\ML\projects\Emotion_recognition\Audio_Speech_Actors_01-24_16k\Actor_04\03-01-08-01-01-01-04.wav,4,surprised,7
C:\Users\MAHESH\OneDrive\Documents\ML\projects\Emotion_recognition\Audio_Speech_Actors_01-24_16k\Actor_04\03-01-08-01-01-02-04.wav,4,surprised,7
C:\Users\MAHESH\OneDrive\Documents\ML\projects\Emotion_recognition\Audio_Speech_Actors_01-24_16k\Actor_04\03-01-08-01-02-01-04.wav,4,surprised,7
C:\Users\MAHESH\OneDrive\Documents\ML\projects\Emotion_recognition\Audio_Speech_Actors_01-24_16k\Actor_04\03-01-08-01-02-02-04.wav,4,surprised,7
C:\Users\MAHESH\OneDrive\Documents\ML\projects\Emotion_recognition\Audio_Speech_Actors_01-24_16k\Actor_04\03-01-08-02-01-01-04.wav,4,surprised,7
C:\Users\MAHESH\OneDrive\Documents\ML\projects\Emotion_recognition\Audio_Speech_Actors_01-24_16k\Actor_04\03-01-08-02-01-02-04.wav,4,surprised,7
C:\Users\MAHESH\OneDrive\Documents\ML\projects\Emotion_recognition\Audio_Speech_Actors_01-24_16k\Actor_04\03-01-08-02-02-01-04.wav,4,surprised,7
C:\Users\MAHESH\OneDrive\Documents\ML\projects\Emotion_recognition\Audio_Speech_Actors_01-24_16k\Actor_04\03-01-08-02-02-02-04.wav,4,surprised,7
C:\Users\MAHESH\OneDrive\Documents\ML\projects\Emotion_recognition\Audio_Speech_Actors_01-24_16k\Actor_05\03-01-01-01-01-01-05.wav,5,neutral,0
C:\Users\MAHESH\OneDrive\Documents\ML\projects\Emotion_recognition\Audio_Speech_Actors_01-24_16k\Actor_05\03-01-01-01-01-02-05.wav,5,neutral,0
C:\Users\MAHESH\OneDrive\Documents\ML\projects\Emotion_recognition\Audio_Speech_Actors_01-24_16k\Actor_05\03-01-01-01-02-01-05.wav,5,neutral,0
C:\Users\MAHESH\OneDrive\Documents\ML\projects\Emotion_recognition\Audio_Speech_Actors_01-24_16k\Actor_05\03-01-01-01-02-02-05.wav,5,neutral,0
C:\Users\MAHESH\OneDrive\Documents\ML\projects\Emotion_recognition\Audio_Speech_Actors_01-24_16k\Actor_05\03-01-02-01-01-01-05.wav,5,calm,1
C:\Users\MAHESH\OneDrive\Documents\ML\projects\Emotion_recognition\Audio_Speech_Actors_01-24_16k\Actor_05\03-01-02-01-01-02-05.wav,5,calm,1
C:\Users\MAHESH\OneDrive\Documents\ML\projects\Emotion_recognition\Audio_Speech_Actors_01-24_16k\Actor_05\03-01-02-01-02-01-05.wav,5,calm,1
C:\Users\MAHESH\OneDrive\Documents\ML\projects\Emotion_recognition\Audio_Speech_Actors_01-24_16k\Actor_05\03-01-02-01-02-02-05.wav,5,calm,1
C:\Users\MAHESH\OneDrive\Documents\ML\projects\Emotion_recognition\Audio_Speech_Actors_01-24_16k\Actor_05\03-01-02-02-01-01-05.wav,5,calm,1
C:\Users\MAHESH\OneDrive\Documents\ML\projects\Emotion_recognition\Audio_Speech_Actors_01-24_16k\Actor_05\03-01-02-02-01-02-05.wav,5,calm,1
C:\Users\MAHESH\OneDrive\Documents\ML\projects\Emotion_recognition\Audio_Speech_Actors_01-24_16k\Actor_05\03-01-02-02-02-01-05.wav,5,calm,1
C:\Users\MAHESH\OneDrive\Documents\ML\projects\Emotion_recognition\Audio_Speech_Actors_01-24_16k\Actor_05\03-01-02-02-02-02-05.wav,5,calm,1
C:\Users\MAHESH\OneDrive\Documents\ML\projects\Emotion_recognition\Audio_Speech_Actors_01-24_16k\Actor_05\03-01-03-01-01-01-05.wav,5,happy,2
C:\Users\MAHESH\OneDrive\Documents\ML\projects\Emotion_recognition\Audio_Speech_Actors_01-24_16k\Actor_05\03-01-03-01-01-02-05.wav,5,happy,2
C:\Users\MAHESH\OneDrive\Documents\ML\projects\Emotion_recognition\Audio_Speech_Actors_01-24_16k\Actor_05\03-01-03-01-02-01-05.wav,5,happy,2
C:\Users\MAHESH\OneDrive\Documents\ML\projects\Emotion_recognition\Audio_Speech_Actors_01-24_16k\Actor_05\03-01-03-01-02-02-05.wav,5,happy,2
C:\Users\MAHESH\OneDrive\Documents\ML\projects\Emotion_recognition\Audio_Speech_Actors_01-24_16k\Actor_05\03-01-03-02-01-01-05.wav,5,happy,2
C:\Users\MAHESH\OneDrive\Documents\ML\projects\Emotion_recognition\Audio_Speech_Actors_01-24_16k\Actor_05\03-01-03-02-01-02-05.wav,5,happy,2
C:\Users\MAHESH\OneDrive\Documents\ML\projects\Emotion_recognition\Audio_Speech_Actors_01-24_16k\Actor_05\03-01-03-02-02-01-05.wav,5,happy,2
C:\Users\MAHESH\OneDrive\Documents\ML\projects\Emotion_recognition\Audio_Speech_Actors_01-24_16k\Actor_05\03-01-03-02-02-02-05.wav,5,happy,2
C:\Users\MAHESH\OneDrive\Documents\ML\projects\Emotion_recognition\Audio_Speech_Actors_01-24_16k\Actor_05\03-01-04-01-01-01-05.wav,5,sad,3
C:\Users\MAHESH\OneDrive\Documents\ML\projects\Emotion_recognition\Audio_Speech_Actors_01-24_16k\Actor_05\03-01-04-01-01-02-05.wav,5,sad,3
C:\Users\MAHESH\OneDrive\Documents\ML\projects\Emotion_recognition\Audio_Speech_Actors_01-24_16k\Actor_05\03-01-04-01-02-01-05.wav,5,sad,3
C:\Users\MAHESH\OneDrive\Documents\ML\projects\Emotion_recognition\Audio_Speech_Actors_01-24_16k\Actor_05\03-01-04-01-02-02-05.wav,5,sad,3
C:\Users\MAHESH\OneDrive\Documents\ML\projects\Emotion_recognition\Audio_Speech_Actors_01-24_16k\Actor_05\03-01-04-02-01-01-05.wav,5,sad,3
C:\Users\MAHESH\OneDrive\Documents\ML\projects\Emotion_recognition\Audio_Speech_Actors_01-24_16k\Actor_05\03-01-04-02-01-02-05.wav,5,sad,3
C:\Users\MAHESH\OneDrive\Documents\ML\projects\Emotion_recognition\Audio_Speech_Actors_01-24_16k\Actor_05\03-01-04-02-02-01-05.wav,5,sad,3
C:\Users\MAHESH\OneDrive\Documents\ML\projects\Emotion_recognition\Audio_Speech_Actors_01-24_16k\Actor_05\03-01-04-02-02-02-05.wav,5,sad,3
C:\Users\MAHESH\OneDrive\Documents\ML\projects\Emotion_recognition\Audio_Speech_Actors_01-24_16k\Actor_05\03-01-05-01-01-01-05.wav,5,angry,4
C:\Users\MAHESH\OneDrive\Documents\ML\projects\Emotion_recognition\Audio_Speech_Actors_01-24_16k\Actor_05\03-01-05-01-01-02-05.wav,5,angry,4
C:\Users\MAHESH\OneDrive\Documents\ML\projects\Emotion_recognition\Audio_Speech_Actors_01-24_16k\Actor_05\03-01-05-01-02-01-05.wav,5,angry,4
C:\Users\MAHESH\OneDrive\Documents\ML\projects\Emotion_recognition\Audio_Speech_Actors_01-24_16k\Actor_05\03-01-05-01-02-02-05.wav,5,angry,4
C:\Users\MAHESH\OneDrive\Documents\ML\projects\Emotion_recognition\Audio_Speech_Actors_01-24_16k\Actor_05\03-01-05-02-01-01-05.wav,5,angry,4
C:\Users\MAHESH\OneDrive\Documents\ML\projects\Emotion_recognition\Audio_Speech_Actors_01-24_16k\Actor_05\03-01-05-02-01-02-05.wav,5,angry,4
C:\Users\MAHESH\OneDrive\Documents\ML\projects\Emotion_recognition\Audio_Speech_Actors_01-24_16k\Actor_05\03-01-05-02-02-01-05.wav,5,angry,4
C:\Users\MAHESH\OneDrive\Documents\ML\projects\Emotion_recognition\Audio_Speech_Actors_01-24_16k\Actor_05\03-01-05-02-02-02-05.wav,5,angry,4
C:\Users\MAHESH\OneDrive\Documents\ML\projects\Emotion_recognition\Audio_Speech_Actors_01-24_16k\Actor_05\03-01-06-01-01-01-05.wav,5,fearful,5
C:\Users\MAHESH\OneDrive\Documents\ML\projects\Emotion_recognition\Audio_Speech_Actors_01-24_16k\Actor_05\03-01-06-01-01-02-05.wav,5,fearful,5
C:\Users\MAHESH\OneDrive\Documents\ML\projects\Emotion_recognition\Audio_Speech_Actors_01-24_16k\Actor_05\03-01-06-01-02-01-05.wav,5,fearful,5
C:\Users\MAHESH\OneDrive\Documents\ML\projects\Emotion_recognition\Audio_Speech_Actors_01-24_16k\Actor_05\03-01-06-01-02-02-05.wav,5,fearful,5
C:\Users\MAHESH\OneDrive\Documents\ML\projects\Emotion_recognition\Audio_Speech_Actors_01-24_16k\Actor_05\03-01-06-02-01-01-05.wav,5,fearful,5
C:\Users\MAHESH\OneDrive\Documents\ML\projects\Emotion_recognition\Audio_Speech_Actors_01-24_16k\Actor_05\03-01-06-02-01-02-05.wav,5,fearful,5
C:\Users\MAHESH\OneDrive\Documents\ML\projects\Emotion_recognition\Audio_Speech_Actors_01-24_16k\Actor_05\03-01-06-02-02-01-05.wav,5,fearful,5
C:\Users\MAHESH\OneDrive\Documents\ML\projects\Emotion_recognition\Audio_Speech_Actors_01-24_16k\Actor_05\03-01-06-02-02-02-05.wav,5,fearful,5
C:\Users\MAHESH\OneDrive\Documents\ML\projects\Emotion_recognition\Audio_Speech_Actors_01-24_16k\Actor_05\03-01-07-01-01-01-05.wav,5,disgust,6
C:\Users\MAHESH\OneDrive\Documents\ML\projects\Emotion_recognition\Audio_Speech_Actors_01-24_16k\Actor_05\03-01-07-01-01-02-05.wav,5,disgust,6
C:\Users\MAHESH\OneDrive\Documents\ML\projects\Emotion_recognition\Audio_Speech_Actors_01-24_16k\Actor_05\03-01-07-01-02-01-05.wav,5,disgust,6
C:\Users\MAHESH\OneDrive\Documents\ML\projects\Emotion_recognition\Audio_Speech_Actors_01-24_16k\Actor_05\03-01-07-01-02-02-05.wav,5,disgust,6
C:\Users\MAHESH\OneDrive\Documents\ML\projects\Emotion_recognition\Audio_Speech_Actors_01-24_16k\Actor_05\03-01-07-02-01-01-05.wav,5,disgust,6
C:\Users\MAHESH\OneDrive\Documents\ML\projects\Emotion_recognition\Audio_Speech_Actors_01-24_16k\Actor_05\03-01-07-02-01-02-05.wav,5,disgust,6
C:\Users\MAHESH\OneDrive\Documents\ML\projects\Emotion_recognition\Audio_Speech_Actors_01-24_16k\Actor_05\03-01-07-02-02-01-05.wav,5,disgust,6
C:\Users\MAHESH\OneDrive\Documents\ML\projects\Emotion_recognition\Audio_Speech_Actors_01-24_16k\Actor_05\03-01-07-02-02-02-05.wav,5,disgust,6
C:\Users\MAHESH\OneDrive\Documents\ML\projects\Emotion_recognition\Audio_Speech_Actors_01-24_16k\Actor_05\03-01-08-01-01-01-05.wav,5,surprised,7
C:\Users\MAHESH\OneDrive\Documents\ML\projects\Emotion_recognition\Audio_Speech_Actors_01-24_16k\Actor_05\03-01-08-01-01-02-05.wav,5,surprised,7
C:\Users\MAHESH\OneDrive\Documents\ML\projects\Emotion_recognition\Audio_Speech_Actors_01-24_16k\Actor_05\03-01-08-01-02-01-05.wav,5,surprised,7
C:\Users\MAHESH\OneDrive\Documents\ML\projects\Emotion_recognition\Audio_Speech_Actors_01-24_16k\Actor_05\03-01-08-01-02-02-05.wav,5,surprised,7
C:\Users\MAHESH\OneDrive\Documents\ML\projects\Emotion_recognition\Audio_Speech_Actors_01-24_16k\Actor_05\03-01-08-02-01-01-05.wav,5,surprised,7
C:\Users\MAHESH\OneDrive\Documents\ML\projects\Emotion_recognition\Audio_Speech_Actors_01-24_16k\Actor_05\03-01-08-02-01-02-05.wav,5,surprised,7
C:\Users\MAHESH\OneDrive\Documents\ML\projects\Emotion_recognition\Audio_Speech_Actors_01-24_16k\Actor_05\03-01-08-02-02-01-05.wav,5,surprised,7
C:\Users\MAHESH\OneDrive\Documents\ML\projects\Emotion_recognition\Audio_Speech_Actors_01-24_16k\Actor_05\03-01-08-02-02-02-05.wav,5,surprised,7
C:\Users\MAHESH\OneDrive\Documents\ML\projects\Emotion_recognition\Audio_Speech_Actors_01-24_16k\Actor_06\03-01-01-01-01-01-06.wav,6,neutral,0
C:\Users\MAHESH\OneDrive\Documents\ML\projects\Emotion_recognition\Audio_Speech_Actors_01-24_16k\Actor_06\03-01-01-01-01-02-06.wav,6,neutral,0
C:\Users\MAHESH\OneDrive\Documents\ML\projects\Emotion_recognition\Audio_Speech_Actors_01-24_16k\Actor_06\03-01-01-01-02-01-06.wav,6,neutral,0
C:\Users\MAHESH\OneDrive\Documents\ML\projects\Emotion_recognition\Audio_Speech_Actors_01-24_16k\Actor_06\03-01-01-01-02-02-06.wav,6,neutral,0
C:\Users\MAHESH\OneDrive\Documents\ML\projects\Emotion_recognition\Audio_Speech_Actors_01-24_16k\Actor_06\03-01-02-01-01-01-06.wav,6,calm,1
C:\Users\MAHESH\OneDrive\Documents\ML\projects\Emotion_recognition\Audio_Speech_Actors_01-24_16k\Actor_06\03-01-02-01-01-02-06.wav,6,calm,1
C:\Users\MAHESH\OneDrive\Documents\ML\projects\Emotion_recognition\Audio_Speech_Actors_01-24_16k\Actor_06\03-01-02-01-02-01-06.wav,6,calm,1
C:\Users\MAHESH\OneDrive\Documents\ML\projects\Emotion_recognition\Audio_Speech_Actors_01-24_16k\Actor_06\03-01-02-01-02-02-06.wav,6,calm,1
C:\Users\MAHESH\OneDrive\Documents\ML\projects\Emotion_recognition\Audio_Speech_Actors_01-24_16k\Actor_06\03-01-02-02-01-01-06.wav,6,calm,1
C:\Users\MAHESH\OneDrive\Documents\ML\projects\Emotion_recognition\Audio_Speech_Actors_01-24_16k\Actor_06\03-01-02-02-01-02-06.wav,6,calm,1
C:\Users\MAHESH\OneDrive\Documents\ML\projects\Emotion_recognition\Audio_Speech_Actors_01-24_16k\Actor_06\03-01-02-02-02-01-06.wav,6,calm,1
C:\Users\MAHESH\OneDrive\Documents\ML\projects\Emotion_recognition\Audio_Speech_Actors_01-24_16k\Actor_06\03-01-02-02-02-02-06.wav,6,calm,1
C:\Users\MAHESH\OneDrive\Documents\ML\projects\Emotion_recognition\Audio_Speech_Actors_01-24_16k\Actor_06\03-01-03-01-01-01-06.wav,6,happy,2
C:\Users\MAHESH\OneDrive\Documents\ML\projects\Emotion_recognition\Audio_Speech_Actors_01-24_16k\Actor_06\03-01-03-01-01-02-06.wav,6,happy,2
C:\Users\MAHESH\OneDrive\Documents\ML\projects\Emotion_recognition\Audio_Speech_Actors_01-24_16k\Actor_06\03-01-03-01-02-01-06.wav,6,happy,2
C:\Users\MAHESH\OneDrive\Documents\ML\projects\Emotion_recognition\Audio_Speech_Actors_01-24_16k\Actor_06\03-01-03-01-02-02-06.wav,6,happy,2
C:\Users\MAHESH\OneDrive\Documents\ML\projects\Emotion_recognition\Audio_Speech_Actors_01-24_16k\Actor_06\03-01-03-02-01-01-06.wav,6,happy,2
C:\Users\MAHESH\OneDrive\Documents\ML\projects\Emotion_recognition\Audio_Speech_Actors_01-24_16k\Actor_06\03-01-03-02-01-02-06.wav,6,happy,2
C:\Users\MAHESH\OneDrive\Documents\ML\projects\Emotion_recognition\Audio_Speech_Actors_01-24_16k\Actor_06\03-01-03-02-02-01-06.wav,6,happy,2
C:\Users\MAHESH\OneDrive\Documents\ML\projects\Emotion_recognition\Audio_Speech_Actors_01-24_16k\Actor_06\03-01-03-02-02-02-06.wav,6,happy,2
C:\Users\MAHESH\OneDrive\Documents\ML\projects\Emotion_recognition\Audio_Speech_Actors_01-24_16k\Actor_06\03-01-04-01-01-01-06.wav,6,sad,3
C:\Users\MAHESH\OneDrive\Documents\ML\projects\Emotion_recognition\Audio_Speech_Actors_01-24_16k\Actor_06\03-01-04-01-01-02-06.wav,6,sad,3
C:\Users\MAHESH\OneDrive\Documents\ML\projects\Emotion_recognition\Audio_Speech_Actors_01-24_16k\Actor_06\03-01-04-01-02-01-06.wav,6,sad,3
C:\Users\MAHESH\OneDrive\Documents\ML\projects\Emotion_recognition\Audio_Speech_Actors_01-24_16k\Actor_06\03-01-04-01-02-02-06.wav,6,sad,3
C:\Users\MAHESH\OneDrive\Documents\ML\projects\Emotion_recognition\Audio_Speech_Actors_01-24_16k\Actor_06\03-01-04-02-01-01-06.wav,6,sad,3
C:\Users\MAHESH\OneDrive\Documents\ML\projects\Emotion_recognition\Audio_Speech_Actors_01-24_16k\Actor_06\03-01-04-02-01-02-06.wav,6,sad,3
C:\Users\MAHESH\OneDrive\Documents\ML\projects\Emotion_recognition\Audio_Speech_Actors_01-24_16k\Actor_06\03-01-04-02-02-01-06.wav,6,sad,3
C:\Users\MAHESH\OneDrive\Documents\ML\projects\Emotion_recognition\Audio_Speech_Actors_01-24_16k\Actor_06\03-01-04-02-02-02-06.wav,6,sad,3
C:\Users\MAHESH\OneDrive\Documents\ML\projects\Emotion_recognition\Audio_Speech_Actors_01-24_16k\Actor_06\03-01-05-01-01-01-06.wav,6,angry,4
C:\Users\MAHESH\OneDrive\Documents\ML\projects\Emotion_recognition\Audio_Speech_Actors_01-24_16k\Actor_06\03-01-05-01-01-02-06.wav,6,angry,4
C:\Users\MAHESH\OneDrive\Documents\ML\projects\Emotion_recognition\Audio_Speech_Actors_01-24_16k\Actor_06\03-01-05-01-02-01-06.wav,6,angry,4
C:\Users\MAHESH\OneDrive\Documents\ML\projects\Emotion_recognition\Audio_Speech_Actors_01-24_16k\Actor_06\03-01-05-01-02-02-06.wav,6,angry,4
C:\Users\MAHESH\OneDrive\Documents\ML\projects\Emotion_recognition\Audio_Speech_Actors_01-24_16k\Actor_06\03-01-05-02-01-01-06.wav,6,angry,4
C:\Users\MAHESH\OneDrive\Documents\ML\projects\Emotion_recognition\Audio_Speech_Actors_01-24_16k\Actor_06\03-01-05-02-01-02-06.wav,6,angry,4
C:\Users\MAHESH\OneDrive\Documents\ML\projects\Emotion_recognition\Audio_Speech_Actors_01-24_16k\Actor_06\03-01-05-02-02-01-06.wav,6,angry,4
C:\Users\MAHESH\OneDrive\Documents\ML\projects\Emotion_recognition\Audio_Speech_Actors_01-24_16k\Actor_06\03-01-05-02-02-02-06.wav,6,angry,4
C:\Users\MAHESH\OneDrive\Documents\ML\projects\Emotion_recognition\Audio_Speech_Actors_01-24_16k\Actor_06\03-01-06-01-01-01-06.wav,6,fearful,5
C:\Users\MAHESH\OneDrive\Documents\ML\projects\Emotion_recognition\Audio_Speech_Actors_01-24_16k\Actor_06\03-01-06-01-01-02-06.wav,6,fearful,5
C:\Users\MAHESH\OneDrive\Documents\ML\projects\Emotion_recognition\Audio_Speech_Actors_01-24_16k\Actor_06\03-01-06-01-02-01-06.wav,6,fearful,5
C:\Users\MAHESH\OneDrive\Documents\ML\projects\Emotion_recognition\Audio_Speech_Actors_01-24_16k\Actor_06\03-01-06-01-02-02-06.wav,6,fearful,5
C:\Users\MAHESH\OneDrive\Documents\ML\projects\Emotion_recognition\Audio_Speech_Actors_01-24_16k\Actor_06\03-01-06-02-01-01-06.wav,6,fearful,5
C:\Users\MAHESH\OneDrive\Documents\ML\projects\Emotion_recognition\Audio_Speech_Actors_01-24_16k\Actor_06\03-01-06-02-01-02-06.wav,6,fearful,5
C:\Users\MAHESH\OneDrive\Documents\ML\projects\Emotion_recognition\Audio_Speech_Actors_01-24_16k\Actor_06\03-01-06-02-02-01-06.wav,6,fearful,5
C:\Users\MAHESH\OneDrive\Documents\ML\projects\Emotion_recognition\Audio_Speech_Actors_01-24_16k\Actor_06\03-01-06-02-02-02-06.wav,6,fearful,5
C:\Users\MAHESH\OneDrive\Documents\ML\projects\Emotion_recognition\Audio_Speech_Actors_01-24_16k\Actor_06\03-01-07-01-01-01-06.wav,6,disgust,6
C:\Users\MAHESH\OneDrive\Documents\ML\projects\Emotion_recognition\Audio_Speech_Actors_01-24_16k\Actor_06\03-01-07-01-01-02-06.wav,6,disgust,6
C:\Users\MAHESH\OneDrive\Documents\ML\projects\Emotion_recognition\Audio_Speech_Actors_01-24_16k\Actor_06\03-01-07-01-02-01-06.wav,6,disgust,6
C:\Users\MAHESH\OneDrive\Documents\ML\projects\Emotion_recognition\Audio_Speech_Actors_01-24_16k\Actor_06\03-01-07-01-02-02-06.wav,6,disgust,6
C:\Users\MAHESH\OneDrive\Documents\ML\projects\Emotion_recognition\Audio_Speech_Actors_01-24_16k\Actor_06\03-01-07-02-01-01-06.wav,6,disgust,6
C:\Users\MAHESH\OneDrive\Documents\ML\projects\Emotion_recognition\Audio_Speech_Actors_01-24_16k\Actor_06\03-01-07-02-01-02-06.wav,6,disgust,6
C:\Users\MAHESH\OneDrive\Documents\ML\projects\Emotion_recognition\Audio_Speech_Actors_01-24_16k\Actor_06\03-01-07-02-02-01-06.wav,6,disgust,6
C:\Users\MAHESH\OneDrive\Documents\ML\projects\Emotion_recognition\Audio_Speech_Actors_01-24_16k\Actor_06\03-01-07-02-02-02-06.wav,6,disgust,6
C:\Users\MAHESH\OneDrive\Documents\ML\projects\Emotion_recognition\Audio_Speech_Actors_01-24_16k\Actor_06\03-01-08-01-01-01-06.wav,6,surprised,7
C:\Users\MAHESH\OneDrive\Documents\ML\projects\Emotion_recognition\Audio_Speech_Actors_01-24_16k\Actor_06\03-01-08-01-01-02-06.wav,6,surprised,7
C:\Users\MAHESH\OneDrive\Documents\ML\projects\Emotion_recognition\Audio_Speech_Actors_01-24_16k\Actor_06\03-01-08-01-02-01-06.wav,6,surprised,7
C:\Users\MAHESH\OneDrive\Documents\ML\projects\Emotion_recognition\Audio_Speech_Actors_01-24_16k\Actor_06\03-01-08-01-02-02-06.wav,6,surprised,7
C:\Users\MAHESH\OneDrive\Documents\ML\projects\Emotion_recognition\Audio_Speech_Actors_01-24_16k\Actor_06\03-01-08-02-01-01-06.wav,6,surprised,7
C:\Users\MAHESH\OneDrive\Documents\ML\projects\Emotion_recognition\Audio_Speech_Actors_01-24_16k\Actor_06\03-01-08-02-01-02-06.wav,6,surprised,7
C:\Users\MAHESH\OneDrive\Documents\ML\projects\Emotion_recognition\Audio_Speech_Actors_01-24_16k\Actor_06\03-01-08-02-02-01-06.wav,6,surprised,7
C:\Users\MAHESH\OneDrive\Documents\ML\projects\Emotion_recognition\Audio_Speech_Actors_01-24_16k\Actor_06\03-01-08-02-02-02-06.wav,6,surprised,7
C:\Users\MAHESH\OneDrive\Documents\ML\projects\Emotion_recognition\Audio_Speech_Actors_01-24_16k\Actor_07\03-01-01-01-01-01-07.wav,7,neutral,0
C:\Users\MAHESH\OneDrive\Documents\ML\projects\Emotion_recognition\Audio_Speech_Actors_01-24_16k\Actor_07\03-01-01-01-01-02-07.wav,7,neutral,0
C:\Users\MAHESH\OneDrive\Documents\ML\projects\Emotion_recognition\Audio_Speech_Actors_01-24_16k\Actor_07\03-01-01-01-02-01-07.wav,7,neutral,0
C:\Users\MAHESH\OneDrive\Documents\ML\projects\Emotion_recognition\Audio_Speech_Actors_01-24_16k\Actor_07\03-01-01-01-02-02-07.wav,7,neutral,0
C:\Users\MAHESH\OneDrive\Documents\ML\projects\Emotion_recognition\Audio_Speech_Actors_01-24_16k\Actor_07\03-01-02-01-01-01-07.wav,7,calm,1
C:\Users\MAHESH\OneDrive\Documents\ML\projects\Emotion_recognition\Audio_Speech_Actors_01-24_16k\Actor_07\03-01-02-01-01-02-07.wav,7,calm,1
C:\Users\MAHESH\OneDrive\Documents\ML\projects\Emotion_recognition\Audio_Speech_Actors_01-24_16k\Actor_07\03-01-02-01-02-01-07.wav,7,calm,1
C:\Users\MAHESH\OneDrive\Documents\ML\projects\Emotion_recognition\Audio_Speech_Actors_01-24_16k\Actor_07\03-01-02-01-02-02-07.wav,7,calm,1
C:\Users\MAHESH\OneDrive\Documents\ML\projects\Emotion_recognition\Audio_Speech_Actors_01-24_16k\Actor_07\03-01-02-02-01-01-07.wav,7,calm,1
C:\Users\MAHESH\OneDrive\Documents\ML\projects\Emotion_recognition\Audio_Speech_Actors_01-24_16k\Actor_07\03-01-02-02-01-02-07.wav,7,calm,1
C:\Users\MAHESH\OneDrive\Documents\ML\projects\Emotion_recognition\Audio_Speech_Actors_01-24_16k\Actor_07\03-01-02-02-02-01-07.wav,7,calm,1
C:\Users\MAHESH\OneDrive\Documents\ML\projects\Emotion_recognition\Audio_Speech_Actors_01-24_16k\Actor_07\03-01-02-02-02-02-07.wav,7,calm,1
C:\Users\MAHESH\OneDrive\Documents\ML\projects\Emotion_recognition\Audio_Speech_Actors_01-24_16k\Actor_07\03-01-03-01-01-01-07.wav,7,happy,2
C:\Users\MAHESH\OneDrive\Documents\ML\projects\Emotion_recognition\Audio_Speech_Actors_01-24_16k\Actor_07\03-01-03-01-01-02-07.wav,7,happy,2
C:\Users\MAHESH\OneDrive\Documents\ML\projects\Emotion_recognition\Audio_Speech_Actors_01-24_16k\Actor_07\03-01-03-01-02-01-07.wav,7,happy,2
C:\Users\MAHESH\OneDrive\Documents\ML\projects\Emotion_recognition\Audio_Speech_Actors_01-24_16k\Actor_07\03-01-03-01-02-02-07.wav,7,happy,2
C:\Users\MAHESH\OneDrive\Documents\ML\projects\Emotion_recognition\Audio_Speech_Actors_01-24_16k\Actor_07\03-01-03-02-01-01-07.wav,7,happy,2
C:\Users\MAHESH\OneDrive\Documents\ML\projects\Emotion_recognition\Audio_Speech_Actors_01-24_16k\Actor_07\03-01-03-02-01-02-07.wav,7,happy,2
C:\Users\MAHESH\OneDrive\Documents\ML\projects\Emotion_recognition\Audio_Speech_Actors_01-24_16k\Actor_07\03-01-03-02-02-01-07.wav,7,happy,2
C:\Users\MAHESH\OneDrive\Documents\ML\projects\Emotion_recognition\Audio_Speech_Actors_01-24_16k\Actor_07\03-01-03-02-02-02-07.wav,7,happy,2
C:\Users\MAHESH\OneDrive\Documents\ML\projects\Emotion_recognition\Audio_Speech_Actors_01-24_16k\Actor_07\03-01-04-01-01-01-07.wav,7,sad,3
C:\Users\MAHESH\OneDrive\Documents\ML\projects\Emotion_recognition\Audio_Speech_Actors_01-24_16k\Actor_07\03-01-04-01-01-02-07.wav,7,sad,3
C:\Users\MAHESH\OneDrive\Documents\ML\projects\Emotion_recognition\Audio_Speech_Actors_01-24_16k\Actor_07\03-01-04-01-02-01-07.wav,7,sad,3
C:\Users\MAHESH\OneDrive\Documents\ML\projects\Emotion_recognition\Audio_Speech_Actors_01-24_16k\Actor_07\03-01-04-01-02-02-07.wav,7,sad,3
C:\Users\MAHESH\OneDrive\Documents\ML\projects\Emotion_recognition\Audio_Speech_Actors_01-24_16k\Actor_07\03-01-04-02-01-01-07.wav,7,sad,3
C:\Users\MAHESH\OneDrive\Documents\ML\projects\Emotion_recognition\Audio_Speech_Actors_01-24_16k\Actor_07\03-01-04-02-01-02-07.wav,7,sad,3
C:\Users\MAHESH\OneDrive\Documents\ML\projects\Emotion_recognition\Audio_Speech_Actors_01-24_16k\Actor_07\03-01-04-02-02-01-07.wav,7,sad,3
C:\Users\MAHESH\OneDrive\Documents\ML\projects\Emotion_recognition\Audio_Speech_Actors_01-24_16k\Actor_07\03-01-04-02-02-02-07.wav,7,sad,3
C:\Users\MAHESH\OneDrive\Documents\ML\projects\Emotion_recognition\Audio_Speech_Actors_01-24_16k\Actor_07\03-01-05-01-01-01-07.wav,7,angry,4
C:\Users\MAHESH\OneDrive\Documents\ML\projects\Emotion_recognition\Audio_Speech_Actors_01-24_16k\Actor_07\03-01-05-01-01-02-07.wav,7,angry,4
C:\Users\MAHESH\OneDrive\Documents\ML\projects\Emotion_recognition\Audio_Speech_Actors_01-24_16k\Actor_07\03-01-05-01-02-01-07.wav,7,angry,4
C:\Users\MAHESH\OneDrive\Documents\ML\projects\Emotion_recognition\Audio_Speech_Actors_01-24_16k\Actor_07\03-01-05-01-02-02-07.wav,7,angry,4
C:\Users\MAHESH\OneDrive\Documents\ML\projects\Emotion_recognition\Audio_Speech_Actors_01-24_16k\Actor_07\03-01-05-02-01-01-07.wav,7,angry,4
C:\Users\MAHESH\OneDrive\Documents\ML\projects\Emotion_recognition\Audio_Speech_Actors_01-24_16k\Actor_07\03-01-05-02-01-02-07.wav,7,angry,4
C:\Users\MAHESH\OneDrive\Documents\ML\projects\Emotion_recognition\Audio_Speech_Actors_01-24_16k\Actor_07\03-01-05-02-02-01-07.wav,7,angry,4
C:\Users\MAHESH\OneDrive\Documents\ML\projects\Emotion_recognition\Audio_Speech_Actors_01-24_16k\Actor_07\03-01-05-02-02-02-07.wav,7,angry,4
C:\Users\MAHESH\OneDrive\Documents\ML\projects\Emotion_recognition\Audio_Speech_Actors_01-24_16k\Actor_07\03-01-06-01-01-01-07.wav,7,fearful,5
C:\Users\MAHESH\OneDrive\Documents\ML\projects\Emotion_recognition\Audio_Speech_Actors_01-24_16k\Actor_07\03-01-06-01-01-02-07.wav,7,fearful,5
C:\Users\MAHESH\OneDrive\Documents\ML\projects\Emotion_recognition\Audio_Speech_Actors_01-24_16k\Actor_07\03-01-06-01-02-01-07.wav,7,fearful,5
C:\Users\MAHESH\OneDrive\Documents\ML\projects\Emotion_recognition\Audio_Speech_Actors_01-24_16k\Actor_07\03-01-06-01-02-02-07.wav,7,fearful,5
C:\Users\MAHESH\OneDrive\Documents\ML\projects\Emotion_recognition\Audio_Speech_Actors_01-24_16k\Actor_07\03-01-06-02-01-01-07.wav,7,fearful,5
C:\Users\MAHESH\OneDrive\Documents\ML\projects\Emotion_recognition\Audio_Speech_Actors_01-24_16k\Actor_07\03-01-06-02-01-02-07.wav,7,fearful,5
C:\Users\MAHESH\OneDrive\Documents\ML\projects\Emotion_recognition\Audio_Speech_Actors_01-24_16k\Actor_07\03-01-06-02-02-01-07.wav,7,fearful,5
C:\Users\MAHESH\OneDrive\Documents\ML\projects\Emotion_recognition\Audio_Speech_Actors_01-24_16k\Actor_07\03-01-06-02-02-02-07.wav,7,fearful,5
C:\Users\MAHESH\OneDrive\Documents\ML\projects\Emotion_recognition\Audio_Speech_Actors_01-24_16k\Actor_07\03-01-07-01-01-01-07.wav,7,disgust,6
C:\Users\MAHESH\OneDrive\Documents\ML\projects\Emotion_recognition\Audio_Speech_Actors_01-24_16k\Actor_07\03-01-07-01-01-02-07.wav,7,disgust,6
C:\Users\MAHESH\OneDrive\Documents\ML\projects\Emotion_recognition\Audio_Speech_Actors_01-24_16k\Actor_07\03-01-07-01-02-01-07.wav,7,disgust,6
C:\Users\MAHESH\OneDrive\Documents\ML\projects\Emotion_recognition\Audio_Speech_Actors_01-24_16k\Actor_07\03-01-07-01-02-02-07.wav,7,disgust,6
C:\Users\MAHESH\OneDrive\Documents\ML\projects\Emotion_recognition\Audio_Speech_Actors_01-24_16k\Actor_07\03-01-07-02-01-01-07.wav,7,disgust,6
C:\Users\MAHESH\OneDrive\Documents\ML\projects\Emotion_recognition\Audio_Speech_Actors_01-24_16k\Actor_07\03-01-07-02-01-02-07.wav,7,disgust,6
C:\Users\MAHESH\OneDrive\Documents\ML\projects\Emotion_recognition\Audio_Speech_Actors_01-24_16k\Actor_07\03-01-07-02-02-01-07.wav,7,disgust,6
C:\Users\MAHESH\OneDrive\Documents\ML\projects\Emotion_recognition\Audio_Speech_Actors_01-24_16k\Actor_07\03-01-07-02-02-02-07.wav,7,disgust,6
C:\Users\MAHESH\OneDrive\Documents\ML\projects\Emotion_recognition\Audio_Speech_Actors_01-24_16k\Actor_07\03-01-08-01-01-01-07.wav,7,surprised,7
C:\Users\MAHESH\OneDrive\Documents\ML\projects\Emotion_recognition\Audio_Speech_Actors_01-24_16k\Actor_07\03-01-08-01-01-02-07.wav,7,surprised,7
C:\Users\MAHESH\OneDrive\Documents\ML\projects\Emotion_recognition\Audio_Speech_Actors_01-24_16k\Actor_07\03-01-08-01-02-01-07.wav,7,surprised,7
C:\Users\MAHESH\OneDrive\Documents\ML\projects\Emotion_recognition\Audio_Speech_Actors_01-24_16k\Actor_07\03-01-08-01-02-02-07.wav,7,surprised,7
C:\Users\MAHESH\OneDrive\Documents\ML\projects\Emotion_recognition\Audio_Speech_Actors_01-24_16k\Actor_07\03-01-08-02-01-01-07.wav,7,surprised,7
C:\Users\MAHESH\OneDrive\Documents\ML\projects\Emotion_recognition\Audio_Speech_Actors_01-24_16k\Actor_07\03-01-08-02-01-02-07.wav,7,surprised,7
C:\Users\MAHESH\OneDrive\Documents\ML\projects\Emotion_recognition\Audio_Speech_Actors_01-24_16k\Actor_07\03-01-08-02-02-01-07.wav,7,surprised,7
C:\Users\MAHESH\OneDrive\Documents\ML\projects\Emotion_recognition\Audio_Speech_Actors_01-24_16k\Actor_07\03-01-08-02-02-02-07.wav,7,surprised,7
C:\Users\MAHESH\OneDrive\Documents\ML\projects\Emotion_recognition\Audio_Speech_Actors_01-24_16k\Actor_08\03-01-01-01-01-01-08.wav,8,neutral,0
C:\Users\MAHESH\OneDrive\Documents\ML\projects\Emotion_recognition\Audio_Speech_Actors_01-24_16k\Actor_08\03-01-01-01-01-02-08.wav,8,neutral,0
C:\Users\MAHESH\OneDrive\Documents\ML\projects\Emotion_recognition\Audio_Speech_Actors_01-24_16k\Actor_08\03-01-01-01-02-01-08.wav,8,neutral,0
C:\Users\MAHESH\OneDrive\Documents\ML\projects\Emotion_recognition\Audio_Speech_Actors_01-24_16k\Actor_08\03-01-01-01-02-02-08.wav,8,neutral,0
C:\Users\MAHESH\OneDrive\Documents\ML\projects\Emotion_recognition\Audio_Speech_Actors_01-24_16k\Actor_08\03-01-02-01-01-01-08.wav,8,calm,1
C:\Users\MAHESH\OneDrive\Documents\ML\projects\Emotion_recognition\Audio_Speech_Actors_01-24_16k\Actor_08\03-01-02-01-01-02-08.wav,8,calm,1
C:\Users\MAHESH\OneDrive\Documents\ML\projects\Emotion_recognition\Audio_Speech_Actors_01-24_16k\Actor_08\03-01-02-01-02-01-08.wav,8,calm,1
C:\Users\MAHESH\OneDrive\Documents\ML\projects\Emotion_recognition\Audio_Speech_Actors_01-24_16k\Actor_08\03-01-02-01-02-02-08.wav,8,calm,1
C:\Users\MAHESH\OneDrive\Documents\ML\projects\Emotion_recognition\Audio_Speech_Actors_01-24_16k\Actor_08\03-01-02-02-01-01-08.wav,8,calm,1
C:\Users\MAHESH\OneDrive\Documents\ML\projects\Emotion_recognition\Audio_Speech_Actors_01-24_16k\Actor_08\03-01-02-02-01-02-08.wav,8,calm,1
C:\Users\MAHESH\OneDrive\Documents\ML\projects\Emotion_recognition\Audio_Speech_Actors_01-24_16k\Actor_08\03-01-02-02-02-01-08.wav,8,calm,1
C:\Users\MAHESH\OneDrive\Documents\ML\projects\Emotion_recognition\Audio_Speech_Actors_01-24_16k\Actor_08\03-01-02-02-02-02-08.wav,8,calm,1
C:\Users\MAHESH\OneDrive\Documents\ML\projects\Emotion_recognition\Audio_Speech_Actors_01-24_16k\Actor_08\03-01-03-01-01-01-08.wav,8,happy,2
C:\Users\MAHESH\OneDrive\Documents\ML\projects\Emotion_recognition\Audio_Speech_Actors_01-24_16k\Actor_08\03-01-03-01-01-02-08.wav,8,happy,2
C:\Users\MAHESH\OneDrive\Documents\ML\projects\Emotion_recognition\Audio_Speech_Actors_01-24_16k\Actor_08\03-01-03-01-02-01-08.wav,8,happy,2
C:\Users\MAHESH\OneDrive\Documents\ML\projects\Emotion_recognition\Audio_Speech_Actors_01-24_16k\Actor_08\03-01-03-01-02-02-08.wav,8,happy,2
C:\Users\MAHESH\OneDrive\Documents\ML\projects\Emotion_recognition\Audio_Speech_Actors_01-24_16k\Actor_08\03-01-03-02-01-01-08.wav,8,happy,2
C:\Users\MAHESH\OneDrive\Documents\ML\projects\Emotion_recognition\Audio_Speech_Actors_01-24_16k\Actor_08\03-01-03-02-01-02-08.wav,8,happy,2
C:\Users\MAHESH\OneDrive\Documents\ML\projects\Emotion_recognition\Audio_Speech_Actors_01-24_16k\Actor_08\03-01-03-02-02-01-08.wav,8,happy,2
C:\Users\MAHESH\OneDrive\Documents\ML\projects\Emotion_recognition\Audio_Speech_Actors_01-24_16k\Actor_08\03-01-03-02-02-02-08.wav,8,happy,2
C:\Users\MAHESH\OneDrive\Documents\ML\projects\Emotion_recognition\Audio_Speech_Actors_01-24_16k\Actor_08\03-01-04-01-01-01-08.wav,8,sad,3
C:\Users\MAHESH\OneDrive\Documents\ML\projects\Emotion_recognition\Audio_Speech_Actors_01-24_16k\Actor_08\03-01-04-01-01-02-08.wav,8,sad,3
C:\Users\MAHESH\OneDrive\Documents\ML\projects\Emotion_recognition\Audio_Speech_Actors_01-24_16k\Actor_08\03-01-04-01-02-01-08.wav,8,sad,3
C:\Users\MAHESH\OneDrive\Documents\ML\projects\Emotion_recognition\Audio_Speech_Actors_01-24_16k\Actor_08\03-01-04-01-02-02-08.wav,8,sad,3
C:\Users\MAHESH\OneDrive\Documents\ML\projects\Emotion_recognition\Audio_Speech_Actors_01-24_16k\Actor_08\03-01-04-02-01-01-08.wav,8,sad,3
C:\Users\MAHESH\OneDrive\Documents\ML\projects\Emotion_recognition\Audio_Speech_Actors_01-24_16k\Actor_08\03-01-04-02-01-02-08.wav,8,sad,3
C:\Users\MAHESH\OneDrive\Documents\ML\projects\Emotion_recognition\Audio_Speech_Actors_01-24_16k\Actor_08\03-01-04-02-02-01-08.wav,8,sad,3
C:\Users\MAHESH\OneDrive\Documents\ML\projects\Emotion_recognition\Audio_Speech_Actors_01-24_16k\Actor_08\03-01-04-02-02-02-08.wav,8,sad,3
C:\Users\MAHESH\OneDrive\Documents\ML\projects\Emotion_recognition\Audio_Speech_Actors_01-24_16k\Actor_08\03-01-05-01-01-01-08.wav,8,angry,4
C:\Users\MAHESH\OneDrive\Documents\ML\projects\Emotion_recognition\Audio_Speech_Actors_01-24_16k\Actor_08\03-01-05-01-01-02-08.wav,8,angry,4
C:\Users\MAHESH\OneDrive\Documents\ML\projects\Emotion_recognition\Audio_Speech_Actors_01-24_16k\Actor_08\03-01-05-01-02-01-08.wav,8,angry,4
C:\Users\MAHESH\OneDrive\Documents\ML\projects\Emotion_recognition\Audio_Speech_Actors_01-24_16k\Actor_08\03-01-05-01-02-02-08.wav,8,angry,4
C:\Users\MAHESH\OneDrive\Documents\ML\projects\Emotion_recognition\Audio_Speech_Actors_01-24_16k\Actor_08\03-01-05-02-01-01-08.wav,8,angry,4
C:\Users\MAHESH\OneDrive\Documents\ML\projects\Emotion_recognition\Audio_Speech_Actors_01-24_16k\Actor_08\03-01-05-02-01-02-08.wav,8,angry,4
C:\Users\MAHESH\OneDrive\Documents\ML\projects\Emotion_recognition\Audio_Speech_Actors_01-24_16k\Actor_08\03-01-05-02-02-01-08.wav,8,angry,4
C:\Users\MAHESH\OneDrive\Documents\ML\projects\Emotion_recognition\Audio_Speech_Actors_01-24_16k\Actor_08\03-01-05-02-02-02-08.wav,8,angry,4
C:\Users\MAHESH\OneDrive\Documents\ML\projects\Emotion_recognition\Audio_Speech_Actors_01-24_16k\Actor_08\03-01-06-01-01-01-08.wav,8,fearful,5
C:\Users\MAHESH\OneDrive\Documents\ML\projects\Emotion_recognition\Audio_Speech_Actors_01-24_16k\Actor_08\03-01-06-01-01-02-08.wav,8,fearful,5
C:\Users\MAHESH\OneDrive\Documents\ML\projects\Emotion_recognition\Audio_Speech_Actors_01-24_16k\Actor_08\03-01-06-01-02-01-08.wav,8,fearful,5
C:\Users\MAHESH\OneDrive\Documents\ML\projects\Emotion_recognition\Audio_Speech_Actors_01-24_16k\Actor_08\03-01-06-01-02-02-08.wav,8,fearful,5
C:\Users\MAHESH\OneDrive\Documents\ML\projects\Emotion_recognition\Audio_Speech_Actors_01-24_16k\Actor_08\03-01-06-02-01-01-08.wav,8,fearful,5
C:\Users\MAHESH\OneDrive\Documents\ML\projects\Emotion_recognition\Audio_Speech_Actors_01-24_16k\Actor_08\03-01-06-02-01-02-08.wav,8,fearful,5
C:\Users\MAHESH\OneDrive\Documents\ML\projects\Emotion_recognition\Audio_Speech_Actors_01-24_16k\Actor_08\03-01-06-02-02-01-08.wav,8,fearful,5
C:\Users\MAHESH\OneDrive\Documents\ML\projects\Emotion_recognition\Audio_Speech_Actors_01-24_16k\Actor_08\03-01-06-02-02-02-08.wav,8,fearful,5
C:\Users\MAHESH\OneDrive\Documents\ML\projects\Emotion_recognition\Audio_Speech_Actors_01-24_16k\Actor_08\03-01-07-01-01-01-08.wav,8,disgust,6
C:\Users\MAHESH\OneDrive\Documents\ML\projects\Emotion_recognition\Audio_Speech_Actors_01-24_16k\Actor_08\03-01-07-01-01-02-08.wav,8,disgust,6
C:\Users\MAHESH\OneDrive\Documents\ML\projects\Emotion_recognition\Audio_Speech_Actors_01-24_16k\Actor_08\03-01-07-01-02-01-08.wav,8,disgust,6
C:\Users\MAHESH\OneDrive\Documents\ML\projects\Emotion_recognition\Audio_Speech_Actors_01-24_16k\Actor_08\03-01-07-01-02-02-08.wav,8,disgust,6
C:\Users\MAHESH\OneDrive\Documents\ML\projects\Emotion_recognition\Audio_Speech_Actors_01-24_16k\Actor_08\03-01-07-02-01-01-08.wav,8,disgust,6
C:\Users\MAHESH\OneDrive\Documents\ML\projects\Emotion_recognition\Audio_Speech_Actors_01-24_16k\Actor_08\03-01-07-02-01-02-08.wav,8,disgust,6
C:\Users\MAHESH\OneDrive\Documents\ML\projects\Emotion_recognition\Audio_Speech_Actors_01-24_16k\Actor_08\03-01-07-02-02-01-08.wav,8,disgust,6
C:\Users\MAHESH\OneDrive\Documents\ML\projects\Emotion_recognition\Audio_Speech_Actors_01-24_16k\Actor_08\03-01-07-02-02-02-08.wav,8,disgust,6
C:\Users\MAHESH\OneDrive\Documents\ML\projects\Emotion_recognition\Audio_Speech_Actors_01-24_16k\Actor_08\03-01-08-01-01-01-08.wav,8,surprised,7
C:\Users\MAHESH\OneDrive\Documents\ML\projects\Emotion_recognition\Audio_Speech_Actors_01-24_16k\Actor_08\03-01-08-01-01-02-08.wav,8,surprised,7
C:\Users\MAHESH\OneDrive\Documents\ML\projects\Emotion_recognition\Audio_Speech_Actors_01-24_16k\Actor_08\03-01-08-01-02-01-08.wav,8,surprised,7
C:\Users\MAHESH\OneDrive\Documents\ML\projects\Emotion_recognition\Audio_Speech_Actors_01-24_16k\Actor_08\03-01-08-01-02-02-08.wav,8,surprised,7
C:\Users\MAHESH\OneDrive\Documents\ML\projects\Emotion_recognition\Audio_Speech_Actors_01-24_16k\Actor_08\03-01-08-02-01-01-08.wav,8,surprised,7
C:\Users\MAHESH\OneDrive\Documents\ML\projects\Emotion_recognition\Audio_Speech_Actors_01-24_16k\Actor_08\03-01-08-02-01-02-08.wav,8,surprised,7
C:\Users\MAHESH\OneDrive\Documents\ML\projects\Emotion_recognition\Audio_Speech_Actors_01-24_16k\Actor_08\03-01-08-02-02-01-08.wav,8,surprised,7
C:\Users\MAHESH\OneDrive\Documents\ML\projects\Emotion_recognition\Audio_Speech_Actors_01-24_16k\Actor_08\03-01-08-02-02-02-08.wav,8,surprised,7
C:\Users\MAHESH\OneDrive\Documents\ML\projects\Emotion_recognition\Audio_Speech_Actors_01-24_16k\Actor_09\03-01-01-01-01-01-09.wav,9,neutral,0
C:\Users\MAHESH\OneDrive\Documents\ML\projects\Emotion_recognition\Audio_Speech_Actors_01-24_16k\Actor_09\03-01-01-01-01-02-09.wav,9,neutral,0
C:\Users\MAHESH\OneDrive\Documents\ML\projects\Emotion_recognition\Audio_Speech_Actors_01-24_16k\Actor_09\03-01-01-01-02-01-09.wav,9,neutral,0
C:\Users\MAHESH\OneDrive\Documents\ML\projects\Emotion_recognition\Audio_Speech_Actors_01-24_16k\Actor_09\03-01-01-01-02-02-09.wav,9,neutral,0
C:\Users\MAHESH\OneDrive\Documents\ML\projects\Emotion_recognition\Audio_Speech_Actors_01-24_16k\Actor_09\03-01-02-01-01-01-09.wav,9,calm,1
C:\Users\MAHESH\OneDrive\Documents\ML\projects\Emotion_recognition\Audio_Speech_Actors_01-24_16k\Actor_09\03-01-02-01-01-02-09.wav,9,calm,1
C:\Users\MAHESH\OneDrive\Documents\ML\projects\Emotion_recognition\Audio_Speech_Actors_01-24_16k\Actor_09\03-01-02-01-02-01-09.wav,9,calm,1
C:\Users\MAHESH\OneDrive\Documents\ML\projects\Emotion_recognition\Audio_Speech_Actors_01-24_16k\Actor_09\03-01-02-01-02-02-09.wav,9,calm,1
C:\Users\MAHESH\OneDrive\Documents\ML\projects\Emotion_recognition\Audio_Speech_Actors_01-24_16k\Actor_09\03-01-02-02-01-01-09.wav,9,calm,1
C:\Users\MAHESH\OneDrive\Documents\ML\projects\Emotion_recognition\Audio_Speech_Actors_01-24_16k\Actor_09\03-01-02-02-01-02-09.wav,9,calm,1
C:\Users\MAHESH\OneDrive\Documents\ML\projects\Emotion_recognition\Audio_Speech_Actors_01-24_16k\Actor_09\03-01-02-02-02-01-09.wav,9,calm,1
C:\Users\MAHESH\OneDrive\Documents\ML\projects\Emotion_recognition\Audio_Speech_Actors_01-24_16k\Actor_09\03-01-02-02-02-02-09.wav,9,calm,1
C:\Users\MAHESH\OneDrive\Documents\ML\projects\Emotion_recognition\Audio_Speech_Actors_01-24_16k\Actor_09\03-01-03-01-01-01-09.wav,9,happy,2
C:\Users\MAHESH\OneDrive\Documents\ML\projects\Emotion_recognition\Audio_Speech_Actors_01-24_16k\Actor_09\03-01-03-01-01-02-09.wav,9,happy,2
C:\Users\MAHESH\OneDrive\Documents\ML\projects\Emotion_recognition\Audio_Speech_Actors_01-24_16k\Actor_09\03-01-03-01-02-01-09.wav,9,happy,2
C:\Users\MAHESH\OneDrive\Documents\ML\projects\Emotion_recognition\Audio_Speech_Actors_01-24_16k\Actor_09\03-01-03-01-02-02-09.wav,9,happy,2
C:\Users\MAHESH\OneDrive\Documents\ML\projects\Emotion_recognition\Audio_Speech_Actors_01-24_16k\Actor_09\03-01-03-02-01-01-09.wav,9,happy,2
C:\Users\MAHESH\OneDrive\Documents\ML\projects\Emotion_recognition\Audio_Speech_Actors_01-24_16k\Actor_09\03-01-03-02-01-02-09.wav,9,happy,2
C:\Users\MAHESH\OneDrive\Documents\ML\projects\Emotion_recognition\Audio_Speech_Actors_01-24_16k\Actor_09\03-01-03-02-02-01-09.wav,9,happy,2
C:\Users\MAHESH\OneDrive\Documents\ML\projects\Emotion_recognition\Audio_Speech_Actors_01-24_16k\Actor_09\03-01-03-02-02-02-09.wav,9,happy,2
C:\Users\MAHESH\OneDrive\Documents\ML\projects\Emotion_recognition\Audio_Speech_Actors_01-24_16k\Actor_09\03-01-04-01-01-01-09.wav,9,sad,3
C:\Users\MAHESH\OneDrive\Documents\ML\projects\Emotion_recognition\Audio_Speech_Actors_01-24_16k\Actor_09\03-01-04-01-01-02-09.wav,9,sad,3
C:\Users\MAHESH\OneDrive\Documents\ML\projects\Emotion_recognition\Audio_Speech_Actors_01-24_16k\Actor_09\03-01-04-01-02-01-09.wav,9,sad,3
C:\Users\MAHESH\OneDrive\Documents\ML\projects\Emotion_recognition\Audio_Speech_Actors_01-24_16k\Actor_09\03-01-04-01-02-02-09.wav,9,sad,3
C:\Users\MAHESH\OneDrive\Documents\ML\projects\Emotion_recognition\Audio_Speech_Actors_01-24_16k\Actor_09\03-01-04-02-01-01-09.wav,9,sad,3
C:\Users\MAHESH\OneDrive\Documents\ML\projects\Emotion_recognition\Audio_Speech_Actors_01-24_16k\Actor_09\03-01-04-02-01-02-09.wav,9,sad,3
C:\Users\MAHESH\OneDrive\Documents\ML\projects\Emotion_recognition\Audio_Speech_Actors_01-24_16k\Actor_09\03-01-04-02-02-01-09.wav,9,sad,3
C:\Users\MAHESH\OneDrive\Documents\ML\projects\Emotion_recognition\Audio_Speech_Actors_01-24_16k\Actor_09\03-01-04-02-02-02-09.wav,9,sad,3
C:\Users\MAHESH\OneDrive\Documents\ML\projects\Emotion_recognition\Audio_Speech_Actors_01-24_16k\Actor_09\03-01-05-01-01-01-09.wav,9,angry,4
C:\Users\MAHESH\OneDrive\Documents\ML\projects\Emotion_recognition\Audio_Speech_Actors_01-24_16k\Actor_09\03-01-05-01-01-02-09.wav,9,angry,4
C:\Users\MAHESH\OneDrive\Documents\ML\projects\Emotion_recognition\Audio_Speech_Actors_01-24_16k\Actor_09\03-01-05-01-02-01-09.wav,9,angry,4
C:\Users\MAHESH\OneDrive\Documents\ML\projects\Emotion_recognition\Audio_Speech_Actors_01-24_16k\Actor_09\03-01-05-01-02-02-09.wav,9,angry,4
C:\Users\MAHESH\OneDrive\Documents\ML\projects\Emotion_recognition\Audio_Speech_Actors_01-24_16k\Actor_09\03-01-05-02-01-01-09.wav,9,angry,4
C:\Users\MAHESH\OneDrive\Documents\ML\projects\Emotion_recognition\Audio_Speech_Actors_01-24_16k\Actor_09\03-01-05-02-01-02-09.wav,9,angry,4
C:\Users\MAHESH\OneDrive\Documents\ML\projects\Emotion_recognition\Audio_Speech_Actors_01-24_16k\Actor_09\03-01-05-02-02-01-09.wav,9,angry,4
C:\Users\MAHESH\OneDrive\Documents\ML\projects\Emotion_recognition\Audio_Speech_Actors_01-24_16k\Actor_09\03-01-05-02-02-02-09.wav,9,angry,4
C:\Users\MAHESH\OneDrive\Documents\ML\projects\Emotion_recognition\Audio_Speech_Actors_01-24_16k\Actor_09\03-01-06-01-01-01-09.wav,9,fearful,5
C:\Users\MAHESH\OneDrive\Documents\ML\projects\Emotion_recognition\Audio_Speech_Actors_01-24_16k\Actor_09\03-01-06-01-01-02-09.wav,9,fearful,5
C:\Users\MAHESH\OneDrive\Documents\ML\projects\Emotion_recognition\Audio_Speech_Actors_01-24_16k\Actor_09\03-01-06-01-02-01-09.wav,9,fearful,5
C:\Users\MAHESH\OneDrive\Documents\ML\projects\Emotion_recognition\Audio_Speech_Actors_01-24_16k\Actor_09\03-01-06-01-02-02-09.wav,9,fearful,5
C:\Users\MAHESH\OneDrive\Documents\ML\projects\Emotion_recognition\Audio_Speech_Actors_01-24_16k\Actor_09\03-01-06-02-01-01-09.wav,9,fearful,5
C:\Users\MAHESH\OneDrive\Documents\ML\projects\Emotion_recognition\Audio_Speech_Actors_01-24_16k\Actor_09\03-01-06-02-01-02-09.wav,9,fearful,5
C:\Users\MAHESH\OneDrive\Documents\ML\projects\Emotion_recognition\Audio_Speech_Actors_01-24_16k\Actor_09\03-01-06-02-02-01-09.wav,9,fearful,5
C:\Users\MAHESH\OneDrive\Documents\ML\projects\Emotion_recognition\Audio_Speech_Actors_01-24_16k\Actor_09\03-01-06-02-02-02-09.wav,9,fearful,5
C:\Users\MAHESH\OneDrive\Documents\ML\projects\Emotion_recognition\Audio_Speech_Actors_01-24_16k\Actor_09\03-01-07-01-01-01-09.wav,9,disgust,6
C:\Users\MAHESH\OneDrive\Documents\ML\projects\Emotion_recognition\Audio_Speech_Actors_01-24_16k\Actor_09\03-01-07-01-01-02-09.wav,9,disgust,6
C:\Users\MAHESH\OneDrive\Documents\ML\projects\Emotion_recognition\Audio_Speech_Actors_01-24_16k\Actor_09\03-01-07-01-02-01-09.wav,9,disgust,6
C:\Users\MAHESH\OneDrive\Documents\ML\projects\Emotion_recognition\Audio_Speech_Actors_01-24_16k\Actor_09\03-01-07-01-02-02-09.wav,9,disgust,6
C:\Users\MAHESH\OneDrive\Documents\ML\projects\Emotion_recognition\Audio_Speech_Actors_01-24_16k\Actor_09\03-01-07-02-01-01-09.wav,9,disgust,6
C:\Users\MAHESH\OneDrive\Documents\ML\projects\Emotion_recognition\Audio_Speech_Actors_01-24_16k\Actor_09\03-01-07-02-01-02-09.wav,9,disgust,6
C:\Users\MAHESH\OneDrive\Documents\ML\projects\Emotion_recognition\Audio_Speech_Actors_01-24_16k\Actor_09\03-01-07-02-02-01-09.wav,9,disgust,6
C:\Users\MAHESH\OneDrive\Documents\ML\projects\Emotion_recognition\Audio_Speech_Actors_01-24_16k\Actor_09\03-01-07-02-02-02-09.wav,9,disgust,6
C:\Users\MAHESH\OneDrive\Documents\ML\projects\Emotion_recognition\Audio_Speech_Actors_01-24_16k\Actor_09\03-01-08-01-01-01-09.wav,9,surprised,7
C:\Users\MAHESH\OneDrive\Documents\ML\projects\Emotion_recognition\Audio_Speech_Actors_01-24_16k\Actor_09\03-01-08-01-01-02-09.wav,9,surprised,7
C:\Users\MAHESH\OneDrive\Documents\ML\projects\Emotion_recognition\Audio_Speech_Actors_01-24_16k\Actor_09\03-01-08-01-02-01-09.wav,9,surprised,7
C:\Users\MAHESH\OneDrive\Documents\ML\projects\Emotion_recognition\Audio_Speech_Actors_01-24_16k\Actor_09\03-01-08-01-02-02-09.wav,9,surprised,7
C:\Users\MAHESH\OneDrive\Documents\ML\projects\Emotion_recognition\Audio_Speech_Actors_01-24_16k\Actor_09\03-01-08-02-01-01-09.wav,9,surprised,7
C:\Users\MAHESH\OneDrive\Documents\ML\projects\Emotion_recognition\Audio_Speech_Actors_01-24_16k\Actor_09\03-01-08-02-01-02-09.wav,9,surprised,7
C:\Users\MAHESH\OneDrive\Documents\ML\projects\Emotion_recognition\Audio_Speech_Actors_01-24_16k\Actor_09\03-01-08-02-02-01-09.wav,9,surprised,7
C:\Users\MAHESH\OneDrive\Documents\ML\projects\Emotion_recognition\Audio_Speech_Actors_01-24_16k\Actor_09\03-01-08-02-02-02-09.wav,9,surprised,7
C:\Users\MAHESH\OneDrive\Documents\ML\projects\Emotion_recognition\Audio_Speech_Actors_01-24_16k\Actor_10\03-01-01-01-01-01-10.wav,10,neutral,0
C:\Users\MAHESH\OneDrive\Documents\ML\projects\Emotion_recognition\Audio_Speech_Actors_01-24_16k\Actor_10\03-01-01-01-01-02-10.wav,10,neutral,0
C:\Users\MAHESH\OneDrive\Documents\ML\projects\Emotion_recognition\Audio_Speech_Actors_01-24_16k\Actor_10\03-01-01-01-02-01-10.wav,10,neutral,0
C:\Users\MAHESH\OneDrive\Documents\ML\projects\Emotion_recognition\Audio_Speech_Actors_01-24_16k\Actor_10\03-01-01-01-02-02-10.wav,10,neutral,0
C:\Users\MAHESH\OneDrive\Documents\ML\projects\Emotion_recognition\Audio_Speech_Actors_01-24_16k\Actor_10\03-01-02-01-01-01-10.wav,10,calm,1
C:\Users\MAHESH\OneDrive\Documents\ML\projects\Emotion_recognition\Audio_Speech_Actors_01-24_16k\Actor_10\03-01-02-01-01-02-10.wav,10,calm,1
C:\Users\MAHESH\OneDrive\Documents\ML\projects\Emotion_recognition\Audio_Speech_Actors_01-24_16k\Actor_10\03-01-02-01-02-01-10.wav,10,calm,1
C:\Users\MAHESH\OneDrive\Documents\ML\projects\Emotion_recognition\Audio_Speech_Actors_01-24_16k\Actor_10\03-01-02-01-02-02-10.wav,10,calm,1
C:\Users\MAHESH\OneDrive\Documents\ML\projects\Emotion_recognition\Audio_Speech_Actors_01-24_16k\Actor_10\03-01-02-02-01-01-10.wav,10,calm,1
C:\Users\MAHESH\OneDrive\Documents\ML\projects\Emotion_recognition\Audio_Speech_Actors_01-24_16k\Actor_10\03-01-02-02-01-02-10.wav,10,calm,1
C:\Users\MAHESH\OneDrive\Documents\ML\projects\Emotion_recognition\Audio_Speech_Actors_01-24_16k\Actor_10\03-01-02-02-02-01-10.wav,10,calm,1
C:\Users\MAHESH\OneDrive\Documents\ML\projects\Emotion_recognition\Audio_Speech_Actors_01-24_16k\Actor_10\03-01-02-02-02-02-10.wav,10,calm,1
C:\Users\MAHESH\OneDrive\Documents\ML\projects\Emotion_recognition\Audio_Speech_Actors_01-24_16k\Actor_10\03-01-03-01-01-01-10.wav,10,happy,2
C:\Users\MAHESH\OneDrive\Documents\ML\projects\Emotion_recognition\Audio_Speech_Actors_01-24_16k\Actor_10\03-01-03-01-01-02-10.wav,10,happy,2
C:\Users\MAHESH\OneDrive\Documents\ML\projects\Emotion_recognition\Audio_Speech_Actors_01-24_16k\Actor_10\03-01-03-01-02-01-10.wav,10,happy,2
C:\Users\MAHESH\OneDrive\Documents\ML\projects\Emotion_recognition\Audio_Speech_Actors_01-24_16k\Actor_10\03-01-03-01-02-02-10.wav,10,happy,2
C:\Users\MAHESH\OneDrive\Documents\ML\projects\Emotion_recognition\Audio_Speech_Actors_01-24_16k\Actor_10\03-01-03-02-01-01-10.wav,10,happy,2
C:\Users\MAHESH\OneDrive\Documents\ML\projects\Emotion_recognition\Audio_Speech_Actors_01-24_16k\Actor_10\03-01-03-02-01-02-10.wav,10,happy,2
C:\Users\MAHESH\OneDrive\Documents\ML\projects\Emotion_recognition\Audio_Speech_Actors_01-24_16k\Actor_10\03-01-03-02-02-01-10.wav,10,happy,2
C:\Users\MAHESH\OneDrive\Documents\ML\projects\Emotion_recognition\Audio_Speech_Actors_01-24_16k\Actor_10\03-01-03-02-02-02-10.wav,10,happy,2
C:\Users\MAHESH\OneDrive\Documents\ML\projects\Emotion_recognition\Audio_Speech_Actors_01-24_16k\Actor_10\03-01-04-01-01-01-10.wav,10,sad,3
C:\Users\MAHESH\OneDrive\Documents\ML\projects\Emotion_recognition\Audio_Speech_Actors_01-24_16k\Actor_10\03-01-04-01-01-02-10.wav,10,sad,3
C:\Users\MAHESH\OneDrive\Documents\ML\projects\Emotion_recognition\Audio_Speech_Actors_01-24_16k\Actor_10\03-01-04-01-02-01-10.wav,10,sad,3
C:\Users\MAHESH\OneDrive\Documents\ML\projects\Emotion_recognition\Audio_Speech_Actors_01-24_16k\Actor_10\03-01-04-01-02-02-10.wav,10,sad,3
C:\Users\MAHESH\OneDrive\Documents\ML\projects\Emotion_recognition\Audio_Speech_Actors_01-24_16k\Actor_10\03-01-04-02-01-01-10.wav,10,sad,3
C:\Users\MAHESH\OneDrive\Documents\ML\projects\Emotion_recognition\Audio_Speech_Actors_01-24_16k\Actor_10\03-01-04-02-01-02-10.wav,10,sad,3
C:\Users\MAHESH\OneDrive\Documents\ML\projects\Emotion_recognition\Audio_Speech_Actors_01-24_16k\Actor_10\03-01-04-02-02-01-10.wav,10,sad,3
C:\Users\MAHESH\OneDrive\Documents\ML\projects\Emotion_recognition\Audio_Speech_Actors_01-24_16k\Actor_10\03-01-04-02-02-02-10.wav,10,sad,3
C:\Users\MAHESH\OneDrive\Documents\ML\projects\Emotion_recognition\Audio_Speech_Actors_01-24_16k\Actor_10\03-01-05-01-01-01-10.wav,10,angry,4
C:\Users\MAHESH\OneDrive\Documents\ML\projects\Emotion_recognition\Audio_Speech_Actors_01-24_16k\Actor_10\03-01-05-01-01-02-10.wav,10,angry,4
C:\Users\MAHESH\OneDrive\Documents\ML\projects\Emotion_recognition\Audio_Speech_Actors_01-24_16k\Actor_10\03-01-05-01-02-01-10.wav,10,angry,4
C:\Users\MAHESH\OneDrive\Documents\ML\projects\Emotion_recognition\Audio_Speech_Actors_01-24_16k\Actor_10\03-01-05-01-02-02-10.wav,10,angry,4
C:\Users\MAHESH\OneDrive\Documents\ML\projects\Emotion_recognition\Audio_Speech_Actors_01-24_16k\Actor_10\03-01-05-02-01-01-10.wav,10,angry,4
C:\Users\MAHESH\OneDrive\Documents\ML\projects\Emotion_recognition\Audio_Speech_Actors_01-24_16k\Actor_10\03-01-05-02-01-02-10.wav,10,angry,4
C:\Users\MAHESH\OneDrive\Documents\ML\projects\Emotion_recognition\Audio_Speech_Actors_01-24_16k\Actor_10\03-01-05-02-02-01-10.wav,10,angry,4
C:\Users\MAHESH\OneDrive\Documents\ML\projects\Emotion_recognition\Audio_Speech_Actors_01-24_16k\Actor_10\03-01-05-02-02-02-10.wav,10,angry,4
C:\Users\MAHESH\OneDrive\Documents\ML\projects\Emotion_recognition\Audio_Speech_Actors_01-24_16k\Actor_10\03-01-06-01-01-01-10.wav,10,fearful,5
C:\Users\MAHESH\OneDrive\Documents\ML\projects\Emotion_recognition\Audio_Speech_Actors_01-24_16k\Actor_10\03-01-06-01-01-02-10.wav,10,fearful,5
C:\Users\MAHESH\OneDrive\Documents\ML\projects\Emotion_recognition\Audio_Speech_Actors_01-24_16k\Actor_10\03-01-06-01-02-01-10.wav,10,fearful,5
C:\Users\MAHESH\OneDrive\Documents\ML\projects\Emotion_recognition\Audio_Speech_Actors_01-24_16k\Actor_10\03-01-06-01-02-02-10.wav,10,fearful,5
C:\Users\MAHESH\OneDrive\Documents\ML\projects\Emotion_recognition\Audio_Speech_Actors_01-24_16k\Actor_10\03-01-06-02-01-01-10.wav,10,fearful,5
C:\Users\MAHESH\OneDrive\Documents\ML\projects\Emotion_recognition\Audio_Speech_Actors_01-24_16k\Actor_10\03-01-06-02-01-02-10.wav,10,fearful,5
C:\Users\MAHESH\OneDrive\Documents\ML\projects\Emotion_recognition\Audio_Speech_Actors_01-24_16k\Actor_10\03-01-06-02-02-01-10.wav,10,fearful,5
C:\Users\MAHESH\OneDrive\Documents\ML\projects\Emotion_recognition\Audio_Speech_Actors_01-24_16k\Actor_10\03-01-06-02-02-02-10.wav,10,fearful,5
C:\Users\MAHESH\OneDrive\Documents\ML\projects\Emotion_recognition\Audio_Speech_Actors_01-24_16k\Actor_10\03-01-07-01-01-01-10.wav,10,disgust,6
C:\Users\MAHESH\OneDrive\Documents\ML\projects\Emotion_recognition\Audio_Speech_Actors_01-24_16k\Actor_10\03-01-07-01-01-02-10.wav,10,disgust,6
C:\Users\MAHESH\OneDrive\Documents\ML\projects\Emotion_recognition\Audio_Speech_Actors_01-24_16k\Actor_10\03-01-07-01-02-01-10.wav,10,disgust,6
C:\Users\MAHESH\OneDrive\Documents\ML\projects\Emotion_recognition\Audio_Speech_Actors_01-24_16k\Actor_10\03-01-07-01-02-02-10.wav,10,disgust,6
C:\Users\MAHESH\OneDrive\Documents\ML\projects\Emotion_recognition\Audio_Speech_Actors_01-24_16k\Actor_10\03-01-07-02-01-01-10.wav,10,disgust,6
C:\Users\MAHESH\OneDrive\Documents\ML\projects\Emotion_recognition\Audio_Speech_Actors_01-24_16k\Actor_10\03-01-07-02-01-02-10.wav,10,disgust,6
C:\Users\MAHESH\OneDrive\Documents\ML\projects\Emotion_recognition\Audio_Speech_Actors_01-24_16k\Actor_10\03-01-07-02-02-01-10.wav,10,disgust,6
C:\Users\MAHESH\OneDrive\Documents\ML\projects\Emotion_recognition\Audio_Speech_Actors_01-24_16k\Actor_10\03-01-07-02-02-02-10.wav,10,disgust,6
C:\Users\MAHESH\OneDrive\Documents\ML\projects\Emotion_recognition\Audio_Speech_Actors_01-24_16k\Actor_10\03-01-08-01-01-01-10.wav,10,surprised,7
C:\Users\MAHESH\OneDrive\Documents\ML\projects\Emotion_recognition\Audio_Speech_Actors_01-24_16k\Actor_10\03-01-08-01-01-02-10.wav,10,surprised,7
C:\Users\MAHESH\OneDrive\Documents\ML\projects\Emotion_recognition\Audio_Speech_Actors_01-24_16k\Actor_10\03-01-08-01-02-01-10.wav,10,surprised,7
C:\Users\MAHESH\OneDrive\Documents\ML\projects\Emotion_recognition\Audio_Speech_Actors_01-24_16k\Actor_10\03-01-08-01-02-02-10.wav,10,surprised,7
C:\Users\MAHESH\OneDrive\Documents\ML\projects\Emotion_recognition\Audio_Speech_Actors_01-24_16k\Actor_10\03-01-08-02-01-01-10.wav,10,surprised,7
C:\Users\MAHESH\OneDrive\Documents\ML\projects\Emotion_recognition\Audio_Speech_Actors_01-24_16k\Actor_10\03-01-08-02-01-02-10.wav,10,surprised,7
C:\Users\MAHESH\OneDrive\Documents\ML\projects\Emotion_recognition\Audio_Speech_Actors_01-24_16k\Actor_10\03-01-08-02-02-01-10.wav,10,surprised,7
C:\Users\MAHESH\OneDrive\Documents\ML\projects\Emotion_recognition\Audio_Speech_Actors_01-24_16k\Actor_10\03-01-08-02-02-02-10.wav,10,surprised,7
C:\Users\MAHESH\OneDrive\Documents\ML\projects\Emotion_recognition\Audio_Speech_Actors_01-24_16k\Actor_11\03-01-01-01-01-01-11.wav,11,neutral,0
C:\Users\MAHESH\OneDrive\Documents\ML\projects\Emotion_recognition\Audio_Speech_Actors_01-24_16k\Actor_11\03-01-01-01-01-02-11.wav,11,neutral,0
C:\Users\MAHESH\OneDrive\Documents\ML\projects\Emotion_recognition\Audio_Speech_Actors_01-24_16k\Actor_11\03-01-01-01-02-01-11.wav,11,neutral,0
C:\Users\MAHESH\OneDrive\Documents\ML\projects\Emotion_recognition\Audio_Speech_Actors_01-24_16k\Actor_11\03-01-01-01-02-02-11.wav,11,neutral,0
C:\Users\MAHESH\OneDrive\Documents\ML\projects\Emotion_recognition\Audio_Speech_Actors_01-24_16k\Actor_11\03-01-02-01-01-01-11.wav,11,calm,1
C:\Users\MAHESH\OneDrive\Documents\ML\projects\Emotion_recognition\Audio_Speech_Actors_01-24_16k\Actor_11\03-01-02-01-01-02-11.wav,11,calm,1
C:\Users\MAHESH\OneDrive\Documents\ML\projects\Emotion_recognition\Audio_Speech_Actors_01-24_16k\Actor_11\03-01-02-01-02-01-11.wav,11,calm,1
C:\Users\MAHESH\OneDrive\Documents\ML\projects\Emotion_recognition\Audio_Speech_Actors_01-24_16k\Actor_11\03-01-02-01-02-02-11.wav,11,calm,1
C:\Users\MAHESH\OneDrive\Documents\ML\projects\Emotion_recognition\Audio_Speech_Actors_01-24_16k\Actor_11\03-01-02-02-01-01-11.wav,11,calm,1
C:\Users\MAHESH\OneDrive\Documents\ML\projects\Emotion_recognition\Audio_Speech_Actors_01-24_16k\Actor_11\03-01-02-02-01-02-11.wav,11,calm,1
C:\Users\MAHESH\OneDrive\Documents\ML\projects\Emotion_recognition\Audio_Speech_Actors_01-24_16k\Actor_11\03-01-02-02-02-01-11.wav,11,calm,1
C:\Users\MAHESH\OneDrive\Documents\ML\projects\Emotion_recognition\Audio_Speech_Actors_01-24_16k\Actor_11\03-01-02-02-02-02-11.wav,11,calm,1
C:\Users\MAHESH\OneDrive\Documents\ML\projects\Emotion_recognition\Audio_Speech_Actors_01-24_16k\Actor_11\03-01-03-01-01-01-11.wav,11,happy,2
C:\Users\MAHESH\OneDrive\Documents\ML\projects\Emotion_recognition\Audio_Speech_Actors_01-24_16k\Actor_11\03-01-03-01-01-02-11.wav,11,happy,2
C:\Users\MAHESH\OneDrive\Documents\ML\projects\Emotion_recognition\Audio_Speech_Actors_01-24_16k\Actor_11\03-01-03-01-02-01-11.wav,11,happy,2
C:\Users\MAHESH\OneDrive\Documents\ML\projects\Emotion_recognition\Audio_Speech_Actors_01-24_16k\Actor_11\03-01-03-01-02-02-11.wav,11,happy,2
C:\Users\MAHESH\OneDrive\Documents\ML\projects\Emotion_recognition\Audio_Speech_Actors_01-24_16k\Actor_11\03-01-03-02-01-01-11.wav,11,happy,2
C:\Users\MAHESH\OneDrive\Documents\ML\projects\Emotion_recognition\Audio_Speech_Actors_01-24_16k\Actor_11\03-01-03-02-01-02-11.wav,11,happy,2
C:\Users\MAHESH\OneDrive\Documents\ML\projects\Emotion_recognition\Audio_Speech_Actors_01-24_16k\Actor_11\03-01-03-02-02-01-11.wav,11,happy,2
C:\Users\MAHESH\OneDrive\Documents\ML\projects\Emotion_recognition\Audio_Speech_Actors_01-24_16k\Actor_11\03-01-03-02-02-02-11.wav,11,happy,2
C:\Users\MAHESH\OneDrive\Documents\ML\projects\Emotion_recognition\Audio_Speech_Actors_01-24_16k\Actor_11\03-01-04-01-01-01-11.wav,11,sad,3
C:\Users\MAHESH\OneDrive\Documents\ML\projects\Emotion_recognition\Audio_Speech_Actors_01-24_16k\Actor_11\03-01-04-01-01-02-11.wav,11,sad,3
C:\Users\MAHESH\OneDrive\Documents\ML\projects\Emotion_recognition\Audio_Speech_Actors_01-24_16k\Actor_11\03-01-04-01-02-01-11.wav,11,sad,3
C:\Users\MAHESH\OneDrive\Documents\ML\projects\Emotion_recognition\Audio_Speech_Actors_01-24_16k\Actor_11\03-01-04-01-02-02-11.wav,11,sad,3
C:\Users\MAHESH\OneDrive\Documents\ML\projects\Emotion_recognition\Audio_Speech_Actors_01-24_16k\Actor_11\03-01-04-02-01-01-11.wav,11,sad,3
C:\Users\MAHESH\OneDrive\Documents\ML\projects\Emotion_recognition\Audio_Speech_Actors_01-24_16k\Actor_11\03-01-04-02-01-02-11.wav,11,sad,3
C:\Users\MAHESH\OneDrive\Documents\ML\projects\Emotion_recognition\Audio_Speech_Actors_01-24_16k\Actor_11\03-01-04-02-02-01-11.wav,11,sad,3
C:\Users\MAHESH\OneDrive\Documents\ML\projects\Emotion_recognition\Audio_Speech_Actors_01-24_16k\Actor_11\03-01-04-02-02-02-11.wav,11,sad,3
C:\Users\MAHESH\OneDrive\Documents\ML\projects\Emotion_recognition\Audio_Speech_Actors_01-24_16k\Actor_11\03-01-05-01-01-01-11.wav,11,angry,4
C:\Users\MAHESH\OneDrive\Documents\ML\projects\Emotion_recognition\Audio_Speech_Actors_01-24_16k\Actor_11\03-01-05-01-01-02-11.wav,11,angry,4
C:\Users\MAHESH\OneDrive\Documents\ML\projects\Emotion_recognition\Audio_Speech_Actors_01-24_16k\Actor_11\03-01-05-01-02-01-11.wav,11,angry,4
C:\Users\MAHESH\OneDrive\Documents\ML\projects\Emotion_recognition\Audio_Speech_Actors_01-24_16k\Actor_11\03-01-05-01-02-02-11.wav,11,angry,4
C:\Users\MAHESH\OneDrive\Documents\ML\projects\Emotion_recognition\Audio_Speech_Actors_01-24_16k\Actor_11\03-01-05-02-01-01-11.wav,11,angry,4
C:\Users\MAHESH\OneDrive\Documents\ML\projects\Emotion_recognition\Audio_Speech_Actors_01-24_16k\Actor_11\03-01-05-02-01-02-11.wav,11,angry,4
C:\Users\MAHESH\OneDrive\Documents\ML\projects\Emotion_recognition\Audio_Speech_Actors_01-24_16k\Actor_11\03-01-05-02-02-01-11.wav,11,angry,4
C:\Users\MAHESH\OneDrive\Documents\ML\projects\Emotion_recognition\Audio_Speech_Actors_01-24_16k\Actor_11\03-01-05-02-02-02-11.wav,11,angry,4
C:\Users\MAHESH\OneDrive\Documents\ML\projects\Emotion_recognition\Audio_Speech_Actors_01-24_16k\Actor_11\03-01-06-01-01-01-11.wav,11,fearful,5
C:\Users\MAHESH\OneDrive\Documents\ML\projects\Emotion_recognition\Audio_Speech_Actors_01-24_16k\Actor_11\03-01-06-01-01-02-11.wav,11,fearful,5
C:\Users\MAHESH\OneDrive\Documents\ML\projects\Emotion_recognition\Audio_Speech_Actors_01-24_16k\Actor_11\03-01-06-01-02-01-11.wav,11,fearful,5
C:\Users\MAHESH\OneDrive\Documents\ML\projects\Emotion_recognition\Audio_Speech_Actors_01-24_16k\Actor_11\03-01-06-01-02-02-11.wav,11,fearful,5
C:\Users\MAHESH\OneDrive\Documents\ML\projects\Emotion_recognition\Audio_Speech_Actors_01-24_16k\Actor_11\03-01-06-02-01-01-11.wav,11,fearful,5
C:\Users\MAHESH\OneDrive\Documents\ML\projects\Emotion_recognition\Audio_Speech_Actors_01-24_16k\Actor_11\03-01-06-02-01-02-11.wav,11,fearful,5
C:\Users\MAHESH\OneDrive\Documents\ML\projects\Emotion_recognition\Audio_Speech_Actors_01-24_16k\Actor_11\03-01-06-02-02-01-11.wav,11,fearful,5
C:\Users\MAHESH\OneDrive\Documents\ML\projects\Emotion_recognition\Audio_Speech_Actors_01-24_16k\Actor_11\03-01-06-02-02-02-11.wav,11,fearful,5
C:\Users\MAHESH\OneDrive\Documents\ML\projects\Emotion_recognition\Audio_Speech_Actors_01-24_16k\Actor_11\03-01-07-01-01-01-11.wav,11,disgust,6
C:\Users\MAHESH\OneDrive\Documents\ML\projects\Emotion_recognition\Audio_Speech_Actors_01-24_16k\Actor_11\03-01-07-01-01-02-11.wav,11,disgust,6
C:\Users\MAHESH\OneDrive\Documents\ML\projects\Emotion_recognition\Audio_Speech_Actors_01-24_16k\Actor_11\03-01-07-01-02-01-11.wav,11,disgust,6
C:\Users\MAHESH\OneDrive\Documents\ML\projects\Emotion_recognition\Audio_Speech_Actors_01-24_16k\Actor_11\03-01-07-01-02-02-11.wav,11,disgust,6
C:\Users\MAHESH\OneDrive\Documents\ML\projects\Emotion_recognition\Audio_Speech_Actors_01-24_16k\Actor_11\03-01-07-02-01-01-11.wav,11,disgust,6
C:\Users\MAHESH\OneDrive\Documents\ML\projects\Emotion_recognition\Audio_Speech_Actors_01-24_16k\Actor_11\03-01-07-02-01-02-11.wav,11,disgust,6
C:\Users\MAHESH\OneDrive\Documents\ML\projects\Emotion_recognition\Audio_Speech_Actors_01-24_16k\Actor_11\03-01-07-02-02-01-11.wav,11,disgust,6
C:\Users\MAHESH\OneDrive\Documents\ML\projects\Emotion_recognition\Audio_Speech_Actors_01-24_16k\Actor_11\03-01-07-02-02-02-11.wav,11,disgust,6
C:\Users\MAHESH\OneDrive\Documents\ML\projects\Emotion_recognition\Audio_Speech_Actors_01-24_16k\Actor_11\03-01-08-01-01-01-11.wav,11,surprised,7
C:\Users\MAHESH\OneDrive\Documents\ML\projects\Emotion_recognition\Audio_Speech_Actors_01-24_16k\Actor_11\03-01-08-01-01-02-11.wav,11,surprised,7
C:\Users\MAHESH\OneDrive\Documents\ML\projects\Emotion_recognition\Audio_Speech_Actors_01-24_16k\Actor_11\03-01-08-01-02-01-11.wav,11,surprised,7
C:\Users\MAHESH\OneDrive\Documents\ML\projects\Emotion_recognition\Audio_Speech_Actors_01-24_16k\Actor_11\03-01-08-01-02-02-11.wav,11,surprised,7
C:\Users\MAHESH\OneDrive\Documents\ML\projects\Emotion_recognition\Audio_Speech_Actors_01-24_16k\Actor_11\03-01-08-02-01-01-11.wav,11,surprised,7
C:\Users\MAHESH\OneDrive\Documents\ML\projects\Emotion_recognition\Audio_Speech_Actors_01-24_16k\Actor_11\03-01-08-02-01-02-11.wav,11,surprised,7
C:\Users\MAHESH\OneDrive\Documents\ML\projects\Emotion_recognition\Audio_Speech_Actors_01-24_16k\Actor_11\03-01-08-02-02-01-11.wav,11,surprised,7
C:\Users\MAHESH\OneDrive\Documents\ML\projects\Emotion_recognition\Audio_Speech_Actors_01-24_16k\Actor_11\03-01-08-02-02-02-11.wav,11,surprised,7
C:\Users\MAHESH\OneDrive\Documents\ML\projects\Emotion_recognition\Audio_Speech_Actors_01-24_16k\Actor_12\03-01-01-01-01-01-12.wav,12,neutral,0
C:\Users\MAHESH\OneDrive\Documents\ML\projects\Emotion_recognition\Audio_Speech_Actors_01-24_16k\Actor_12\03-01-01-01-01-02-12.wav,12,neutral,0
C:\Users\MAHESH\OneDrive\Documents\ML\projects\Emotion_recognition\Audio_Speech_Actors_01-24_16k\Actor_12\03-01-01-01-02-01-12.wav,12,neutral,0
C:\Users\MAHESH\OneDrive\Documents\ML\projects\Emotion_recognition\Audio_Speech_Actors_01-24_16k\Actor_12\03-01-01-01-02-02-12.wav,12,neutral,0
C:\Users\MAHESH\OneDrive\Documents\ML\projects\Emotion_recognition\Audio_Speech_Actors_01-24_16k\Actor_12\03-01-02-01-01-01-12.wav,12,calm,1
C:\Users\MAHESH\OneDrive\Documents\ML\projects\Emotion_recognition\Audio_Speech_Actors_01-24_16k\Actor_12\03-01-02-01-01-02-12.wav,12,calm,1
C:\Users\MAHESH\OneDrive\Documents\ML\projects\Emotion_recognition\Audio_Speech_Actors_01-24_16k\Actor_12\03-01-02-01-02-01-12.wav,12,calm,1
C:\Users\MAHESH\OneDrive\Documents\ML\projects\Emotion_recognition\Audio_Speech_Actors_01-24_16k\Actor_12\03-01-02-01-02-02-12.wav,12,calm,1
C:\Users\MAHESH\OneDrive\Documents\ML\projects\Emotion_recognition\Audio_Speech_Actors_01-24_16k\Actor_12\03-01-02-02-01-01-12.wav,12,calm,1
C:\Users\MAHESH\OneDrive\Documents\ML\projects\Emotion_recognition\Audio_Speech_Actors_01-24_16k\Actor_12\03-01-02-02-01-02-12.wav,12,calm,1
C:\Users\MAHESH\OneDrive\Documents\ML\projects\Emotion_recognition\Audio_Speech_Actors_01-24_16k\Actor_12\03-01-02-02-02-01-12.wav,12,calm,1
C:\Users\MAHESH\OneDrive\Documents\ML\projects\Emotion_recognition\Audio_Speech_Actors_01-24_16k\Actor_12\03-01-02-02-02-02-12.wav,12,calm,1
C:\Users\MAHESH\OneDrive\Documents\ML\projects\Emotion_recognition\Audio_Speech_Actors_01-24_16k\Actor_12\03-01-03-01-01-01-12.wav,12,happy,2
C:\Users\MAHESH\OneDrive\Documents\ML\projects\Emotion_recognition\Audio_Speech_Actors_01-24_16k\Actor_12\03-01-03-01-01-02-12.wav,12,happy,2
C:\Users\MAHESH\OneDrive\Documents\ML\projects\Emotion_recognition\Audio_Speech_Actors_01-24_16k\Actor_12\03-01-03-01-02-01-12.wav,12,happy,2
C:\Users\MAHESH\OneDrive\Documents\ML\projects\Emotion_recognition\Audio_Speech_Actors_01-24_16k\Actor_12\03-01-03-01-02-02-12.wav,12,happy,2
C:\Users\MAHESH\OneDrive\Documents\ML\projects\Emotion_recognition\Audio_Speech_Actors_01-24_16k\Actor_12\03-01-03-02-01-01-12.wav,12,happy,2
C:\Users\MAHESH\OneDrive\Documents\ML\projects\Emotion_recognition\Audio_Speech_Actors_01-24_16k\Actor_12\03-01-03-02-01-02-12.wav,12,happy,2
C:\Users\MAHESH\OneDrive\Documents\ML\projects\Emotion_recognition\Audio_Speech_Actors_01-24_16k\Actor_12\03-01-03-02-02-01-12.wav,12,happy,2
C:\Users\MAHESH\OneDrive\Documents\ML\projects\Emotion_recognition\Audio_Speech_Actors_01-24_16k\Actor_12\03-01-03-02-02-02-12.wav,12,happy,2
C:\Users\MAHESH\OneDrive\Documents\ML\projects\Emotion_recognition\Audio_Speech_Actors_01-24_16k\Actor_12\03-01-04-01-01-01-12.wav,12,sad,3
C:\Users\MAHESH\OneDrive\Documents\ML\projects\Emotion_recognition\Audio_Speech_Actors_01-24_16k\Actor_12\03-01-04-01-01-02-12.wav,12,sad,3
C:\Users\MAHESH\OneDrive\Documents\ML\projects\Emotion_recognition\Audio_Speech_Actors_01-24_16k\Actor_12\03-01-04-01-02-01-12.wav,12,sad,3
C:\Users\MAHESH\OneDrive\Documents\ML\projects\Emotion_recognition\Audio_Speech_Actors_01-24_16k\Actor_12\03-01-04-01-02-02-12.wav,12,sad,3
C:\Users\MAHESH\OneDrive\Documents\ML\projects\Emotion_recognition\Audio_Speech_Actors_01-24_16k\Actor_12\03-01-04-02-01-01-12.wav,12,sad,3
C:\Users\MAHESH\OneDrive\Documents\ML\projects\Emotion_recognition\Audio_Speech_Actors_01-24_16k\Actor_12\03-01-04-02-01-02-12.wav,12,sad,3
C:\Users\MAHESH\OneDrive\Documents\ML\projects\Emotion_recognition\Audio_Speech_Actors_01-24_16k\Actor_12\03-01-04-02-02-01-12.wav,12,sad,3
C:\Users\MAHESH\OneDrive\Documents\ML\projects\Emotion_recognition\Audio_Speech_Actors_01-24_16k\Actor_12\03-01-04-02-02-02-12.wav,12,sad,3
C:\Users\MAHESH\OneDrive\Documents\ML\projects\Emotion_recognition\Audio_Speech_Actors_01-24_16k\Actor_12\03-01-05-01-01-01-12.wav,12,angry,4
C:\Users\MAHESH\OneDrive\Documents\ML\projects\Emotion_recognition\Audio_Speech_Actors_01-24_16k\Actor_12\03-01-05-01-01-02-12.wav,12,angry,4
C:\Users\MAHESH\OneDrive\Documents\ML\projects\Emotion_recognition\Audio_Speech_Actors_01-24_16k\Actor_12\03-01-05-01-02-01-12.wav,12,angry,4
C:\Users\MAHESH\OneDrive\Documents\ML\projects\Emotion_recognition\Audio_Speech_Actors_01-24_16k\Actor_12\03-01-05-01-02-02-12.wav,12,angry,4
C:\Users\MAHESH\OneDrive\Documents\ML\projects\Emotion_recognition\Audio_Speech_Actors_01-24_16k\Actor_12\03-01-05-02-01-01-12.wav,12,angry,4
C:\Users\MAHESH\OneDrive\Documents\ML\projects\Emotion_recognition\Audio_Speech_Actors_01-24_16k\Actor_12\03-01-05-02-01-02-12.wav,12,angry,4
C:\Users\MAHESH\OneDrive\Documents\ML\projects\Emotion_recognition\Audio_Speech_Actors_01-24_16k\Actor_12\03-01-05-02-02-01-12.wav,12,angry,4
C:\Users\MAHESH\OneDrive\Documents\ML\projects\Emotion_recognition\Audio_Speech_Actors_01-24_16k\Actor_12\03-01-05-02-02-02-12.wav,12,angry,4
C:\Users\MAHESH\OneDrive\Documents\ML\projects\Emotion_recognition\Audio_Speech_Actors_01-24_16k\Actor_12\03-01-06-01-01-01-12.wav,12,fearful,5
C:\Users\MAHESH\OneDrive\Documents\ML\projects\Emotion_recognition\Audio_Speech_Actors_01-24_16k\Actor_12\03-01-06-01-01-02-12.wav,12,fearful,5
C:\Users\MAHESH\OneDrive\Documents\ML\projects\Emotion_recognition\Audio_Speech_Actors_01-24_16k\Actor_12\03-01-06-01-02-01-12.wav,12,fearful,5
C:\Users\MAHESH\OneDrive\Documents\ML\projects\Emotion_recognition\Audio_Speech_Actors_01-24_16k\Actor_12\03-01-06-01-02-02-12.wav,12,fearful,5
C:\Users\MAHESH\OneDrive\Documents\ML\projects\Emotion_recognition\Audio_Speech_Actors_01-24_16k\Actor_12\03-01-06-02-01-01-12.wav,12,fearful,5
C:\Users\MAHESH\OneDrive\Documents\ML\projects\Emotion_recognition\Audio_Speech_Actors_01-24_16k\Actor_12\03-01-06-02-01-02-12.wav,12,fearful,5
C:\Users\MAHESH\OneDrive\Documents\ML\projects\Emotion_recognition\Audio_Speech_Actors_01-24_16k\Actor_12\03-01-06-02-02-01-12.wav,12,fearful,5
C:\Users\MAHESH\OneDrive\Documents\ML\projects\Emotion_recognition\Audio_Speech_Actors_01-24_16k\Actor_12\03-01-06-02-02-02-12.wav,12,fearful,5
C:\Users\MAHESH\OneDrive\Documents\ML\projects\Emotion_recognition\Audio_Speech_Actors_01-24_16k\Actor_12\03-01-07-01-01-01-12.wav,12,disgust,6
C:\Users\MAHESH\OneDrive\Documents\ML\projects\Emotion_recognition\Audio_Speech_Actors_01-24_16k\Actor_12\03-01-07-01-01-02-12.wav,12,disgust,6
C:\Users\MAHESH\OneDrive\Documents\ML\projects\Emotion_recognition\Audio_Speech_Actors_01-24_16k\Actor_12\03-01-07-01-02-01-12.wav,12,disgust,6
C:\Users\MAHESH\OneDrive\Documents\ML\projects\Emotion_recognition\Audio_Speech_Actors_01-24_16k\Actor_12\03-01-07-01-02-02-12.wav,12,disgust,6
C:\Users\MAHESH\OneDrive\Documents\ML\projects\Emotion_recognition\Audio_Speech_Actors_01-24_16k\Actor_12\03-01-07-02-01-01-12.wav,12,disgust,6
C:\Users\MAHESH\OneDrive\Documents\ML\projects\Emotion_recognition\Audio_Speech_Actors_01-24_16k\Actor_12\03-01-07-02-01-02-12.wav,12,disgust,6
C:\Users\MAHESH\OneDrive\Documents\ML\projects\Emotion_recognition\Audio_Speech_Actors_01-24_16k\Actor_12\03-01-07-02-02-01-12.wav,12,disgust,6
C:\Users\MAHESH\OneDrive\Documents\ML\projects\Emotion_recognition\Audio_Speech_Actors_01-24_16k\Actor_12\03-01-07-02-02-02-12.wav,12,disgust,6
C:\Users\MAHESH\OneDrive\Documents\ML\projects\Emotion_recognition\Audio_Speech_Actors_01-24_16k\Actor_12\03-01-08-01-01-01-12.wav,12,surprised,7
C:\Users\MAHESH\OneDrive\Documents\ML\projects\Emotion_recognition\Audio_Speech_Actors_01-24_16k\Actor_12\03-01-08-01-01-02-12.wav,12,surprised,7
C:\Users\MAHESH\OneDrive\Documents\ML\projects\Emotion_recognition\Audio_Speech_Actors_01-24_16k\Actor_12\03-01-08-01-02-01-12.wav,12,surprised,7
C:\Users\MAHESH\OneDrive\Documents\ML\projects\Emotion_recognition\Audio_Speech_Actors_01-24_16k\Actor_12\03-01-08-01-02-02-12.wav,12,surprised,7
C:\Users\MAHESH\OneDrive\Documents\ML\projects\Emotion_recognition\Audio_Speech_Actors_01-24_16k\Actor_12\03-01-08-02-01-01-12.wav,12,surprised,7
C:\Users\MAHESH\OneDrive\Documents\ML\projects\Emotion_recognition\Audio_Speech_Actors_01-24_16k\Actor_12\03-01-08-02-01-02-12.wav,12,surprised,7
C:\Users\MAHESH\OneDrive\Documents\ML\projects\Emotion_recognition\Audio_Speech_Actors_01-24_16k\Actor_12\03-01-08-02-02-01-12.wav,12,surprised,7
C:\Users\MAHESH\OneDrive\Documents\ML\projects\Emotion_recognition\Audio_Speech_Actors_01-24_16k\Actor_12\03-01-08-02-02-02-12.wav,12,surprised,7
C:\Users\MAHESH\OneDrive\Documents\ML\projects\Emotion_recognition\Audio_Speech_Actors_01-24_16k\Actor_13\03-01-01-01-01-01-13.wav,13,neutral,0
C:\Users\MAHESH\OneDrive\Documents\ML\projects\Emotion_recognition\Audio_Speech_Actors_01-24_16k\Actor_13\03-01-01-01-01-02-13.wav,13,neutral,0
C:\Users\MAHESH\OneDrive\Documents\ML\projects\Emotion_recognition\Audio_Speech_Actors_01-24_16k\Actor_13\03-01-01-01-02-01-13.wav,13,neutral,0
C:\Users\MAHESH\OneDrive\Documents\ML\projects\Emotion_recognition\Audio_Speech_Actors_01-24_16k\Actor_13\03-01-01-01-02-02-13.wav,13,neutral,0
C:\Users\MAHESH\OneDrive\Documents\ML\projects\Emotion_recognition\Audio_Speech_Actors_01-24_16k\Actor_13\03-01-02-01-01-01-13.wav,13,calm,1
C:\Users\MAHESH\OneDrive\Documents\ML\projects\Emotion_recognition\Audio_Speech_Actors_01-24_16k\Actor_13\03-01-02-01-01-02-13.wav,13,calm,1
C:\Users\MAHESH\OneDrive\Documents\ML\projects\Emotion_recognition\Audio_Speech_Actors_01-24_16k\Actor_13\03-01-02-01-02-01-13.wav,13,calm,1
C:\Users\MAHESH\OneDrive\Documents\ML\projects\Emotion_recognition\Audio_Speech_Actors_01-24_16k\Actor_13\03-01-02-01-02-02-13.wav,13,calm,1
C:\Users\MAHESH\OneDrive\Documents\ML\projects\Emotion_recognition\Audio_Speech_Actors_01-24_16k\Actor_13\03-01-02-02-01-01-13.wav,13,calm,1
C:\Users\MAHESH\OneDrive\Documents\ML\projects\Emotion_recognition\Audio_Speech_Actors_01-24_16k\Actor_13\03-01-02-02-01-02-13.wav,13,calm,1
C:\Users\MAHESH\OneDrive\Documents\ML\projects\Emotion_recognition\Audio_Speech_Actors_01-24_16k\Actor_13\03-01-02-02-02-01-13.wav,13,calm,1
C:\Users\MAHESH\OneDrive\Documents\ML\projects\Emotion_recognition\Audio_Speech_Actors_01-24_16k\Actor_13\03-01-02-02-02-02-13.wav,13,calm,1
C:\Users\MAHESH\OneDrive\Documents\ML\projects\Emotion_recognition\Audio_Speech_Actors_01-24_16k\Actor_13\03-01-03-01-01-01-13.wav,13,happy,2
C:\Users\MAHESH\OneDrive\Documents\ML\projects\Emotion_recognition\Audio_Speech_Actors_01-24_16k\Actor_13\03-01-03-01-01-02-13.wav,13,happy,2
C:\Users\MAHESH\OneDrive\Documents\ML\projects\Emotion_recognition\Audio_Speech_Actors_01-24_16k\Actor_13\03-01-03-01-02-01-13.wav,13,happy,2
C:\Users\MAHESH\OneDrive\Documents\ML\projects\Emotion_recognition\Audio_Speech_Actors_01-24_16k\Actor_13\03-01-03-01-02-02-13.wav,13,happy,2
C:\Users\MAHESH\OneDrive\Documents\ML\projects\Emotion_recognition\Audio_Speech_Actors_01-24_16k\Actor_13\03-01-03-02-01-01-13.wav,13,happy,2
C:\Users\MAHESH\OneDrive\Documents\ML\projects\Emotion_recognition\Audio_Speech_Actors_01-24_16k\Actor_13\03-01-03-02-01-02-13.wav,13,happy,2
C:\Users\MAHESH\OneDrive\Documents\ML\projects\Emotion_recognition\Audio_Speech_Actors_01-24_16k\Actor_13\03-01-03-02-02-01-13.wav,13,happy,2
C:\Users\MAHESH\OneDrive\Documents\ML\projects\Emotion_recognition\Audio_Speech_Actors_01-24_16k\Actor_13\03-01-03-02-02-02-13.wav,13,happy,2
C:\Users\MAHESH\OneDrive\Documents\ML\projects\Emotion_recognition\Audio_Speech_Actors_01-24_16k\Actor_13\03-01-04-01-01-01-13.wav,13,sad,3
C:\Users\MAHESH\OneDrive\Documents\ML\projects\Emotion_recognition\Audio_Speech_Actors_01-24_16k\Actor_13\03-01-04-01-01-02-13.wav,13,sad,3
C:\Users\MAHESH\OneDrive\Documents\ML\projects\Emotion_recognition\Audio_Speech_Actors_01-24_16k\Actor_13\03-01-04-01-02-01-13.wav,13,sad,3
C:\Users\MAHESH\OneDrive\Documents\ML\projects\Emotion_recognition\Audio_Speech_Actors_01-24_16k\Actor_13\03-01-04-01-02-02-13.wav,13,sad,3
C:\Users\MAHESH\OneDrive\Documents\ML\projects\Emotion_recognition\Audio_Speech_Actors_01-24_16k\Actor_13\03-01-04-02-01-01-13.wav,13,sad,3
C:\Users\MAHESH\OneDrive\Documents\ML\projects\Emotion_recognition\Audio_Speech_Actors_01-24_16k\Actor_13\03-01-04-02-01-02-13.wav,13,sad,3
C:\Users\MAHESH\OneDrive\Documents\ML\projects\Emotion_recognition\Audio_Speech_Actors_01-24_16k\Actor_13\03-01-04-02-02-01-13.wav,13,sad,3
C:\Users\MAHESH\OneDrive\Documents\ML\projects\Emotion_recognition\Audio_Speech_Actors_01-24_16k\Actor_13\03-01-04-02-02-02-13.wav,13,sad,3
C:\Users\MAHESH\OneDrive\Documents\ML\projects\Emotion_recognition\Audio_Speech_Actors_01-24_16k\Actor_13\03-01-05-01-01-01-13.wav,13,angry,4
C:\Users\MAHESH\OneDrive\Documents\ML\projects\Emotion_recognition\Audio_Speech_Actors_01-24_16k\Actor_13\03-01-05-01-01-02-13.wav,13,angry,4
C:\Users\MAHESH\OneDrive\Documents\ML\projects\Emotion_recognition\Audio_Speech_Actors_01-24_16k\Actor_13\03-01-05-01-02-01-13.wav,13,angry,4
C:\Users\MAHESH\OneDrive\Documents\ML\projects\Emotion_recognition\Audio_Speech_Actors_01-24_16k\Actor_13\03-01-05-01-02-02-13.wav,13,angry,4
C:\Users\MAHESH\OneDrive\Documents\ML\projects\Emotion_recognition\Audio_Speech_Actors_01-24_16k\Actor_13\03-01-05-02-01-01-13.wav,13,angry,4
C:\Users\MAHESH\OneDrive\Documents\ML\projects\Emotion_recognition\Audio_Speech_Actors_01-24_16k\Actor_13\03-01-05-02-01-02-13.wav,13,angry,4
C:\Users\MAHESH\OneDrive\Documents\ML\projects\Emotion_recognition\Audio_Speech_Actors_01-24_16k\Actor_13\03-01-05-02-02-01-13.wav,13,angry,4
C:\Users\MAHESH\OneDrive\Documents\ML\projects\Emotion_recognition\Audio_Speech_Actors_01-24_16k\Actor_13\03-01-05-02-02-02-13.wav,13,angry,4
C:\Users\MAHESH\OneDrive\Documents\ML\projects\Emotion_recognition\Audio_Speech_Actors_01-24_16k\Actor_13\03-01-06-01-01-01-13.wav,13,fearful,5
C:\Users\MAHESH\OneDrive\Documents\ML\projects\Emotion_recognition\Audio_Speech_Actors_01-24_16k\Actor_13\03-01-06-01-01-02-13.wav,13,fearful,5
C:\Users\MAHESH\OneDrive\Documents\ML\projects\Emotion_recognition\Audio_Speech_Actors_01-24_16k\Actor_13\03-01-06-01-02-01-13.wav,13,fearful,5
C:\Users\MAHESH\OneDrive\Documents\ML\projects\Emotion_recognition\Audio_Speech_Actors_01-24_16k\Actor_13\03-01-06-01-02-02-13.wav,13,fearful,5
C:\Users\MAHESH\OneDrive\Documents\ML\projects\Emotion_recognition\Audio_Speech_Actors_01-24_16k\Actor_13\03-01-06-02-01-01-13.wav,13,fearful,5
C:\Users\MAHESH\OneDrive\Documents\ML\projects\Emotion_recognition\Audio_Speech_Actors_01-24_16k\Actor_13\03-01-06-02-01-02-13.wav,13,fearful,5
C:\Users\MAHESH\OneDrive\Documents\ML\projects\Emotion_recognition\Audio_Speech_Actors_01-24_16k\Actor_13\03-01-06-02-02-01-13.wav,13,fearful,5
C:\Users\MAHESH\OneDrive\Documents\ML\projects\Emotion_recognition\Audio_Speech_Actors_01-24_16k\Actor_13\03-01-06-02-02-02-13.wav,13,fearful,5
C:\Users\MAHESH\OneDrive\Documents\ML\projects\Emotion_recognition\Audio_Speech_Actors_01-24_16k\Actor_13\03-01-07-01-01-01-13.wav,13,disgust,6
C:\Users\MAHESH\OneDrive\Documents\ML\projects\Emotion_recognition\Audio_Speech_Actors_01-24_16k\Actor_13\03-01-07-01-01-02-13.wav,13,disgust,6
C:\Users\MAHESH\OneDrive\Documents\ML\projects\Emotion_recognition\Audio_Speech_Actors_01-24_16k\Actor_13\03-01-07-01-02-01-13.wav,13,disgust,6
C:\Users\MAHESH\OneDrive\Documents\ML\projects\Emotion_recognition\Audio_Speech_Actors_01-24_16k\Actor_13\03-01-07-01-02-02-13.wav,13,disgust,6
C:\Users\MAHESH\OneDrive\Documents\ML\projects\Emotion_recognition\Audio_Speech_Actors_01-24_16k\Actor_13\03-01-07-02-01-01-13.wav,13,disgust,6
C:\Users\MAHESH\OneDrive\Documents\ML\projects\Emotion_recognition\Audio_Speech_Actors_01-24_16k\Actor_13\03-01-07-02-01-02-13.wav,13,disgust,6
C:\Users\MAHESH\OneDrive\Documents\ML\projects\Emotion_recognition\Audio_Speech_Actors_01-24_16k\Actor_13\03-01-07-02-02-01-13.wav,13,disgust,6
C:\Users\MAHESH\OneDrive\Documents\ML\projects\Emotion_recognition\Audio_Speech_Actors_01-24_16k\Actor_13\03-01-07-02-02-02-13.wav,13,disgust,6
C:\Users\MAHESH\OneDrive\Documents\ML\projects\Emotion_recognition\Audio_Speech_Actors_01-24_16k\Actor_13\03-01-08-01-01-01-13.wav,13,surprised,7
C:\Users\MAHESH\OneDrive\Documents\ML\projects\Emotion_recognition\Audio_Speech_Actors_01-24_16k\Actor_13\03-01-08-01-01-02-13.wav,13,surprised,7
C:\Users\MAHESH\OneDrive\Documents\ML\projects\Emotion_recognition\Audio_Speech_Actors_01-24_16k\Actor_13\03-01-08-01-02-01-13.wav,13,surprised,7
C:\Users\MAHESH\OneDrive\Documents\ML\projects\Emotion_recognition\Audio_Speech_Actors_01-24_16k\Actor_13\03-01-08-01-02-02-13.wav,13,surprised,7
C:\Users\MAHESH\OneDrive\Documents\ML\projects\Emotion_recognition\Audio_Speech_Actors_01-24_16k\Actor_13\03-01-08-02-01-01-13.wav,13,surprised,7
C:\Users\MAHESH\OneDrive\Documents\ML\projects\Emotion_recognition\Audio_Speech_Actors_01-24_16k\Actor_13\03-01-08-02-01-02-13.wav,13,surprised,7
C:\Users\MAHESH\OneDrive\Documents\ML\projects\Emotion_recognition\Audio_Speech_Actors_01-24_16k\Actor_13\03-01-08-02-02-01-13.wav,13,surprised,7
C:\Users\MAHESH\OneDrive\Documents\ML\projects\Emotion_recognition\Audio_Speech_Actors_01-24_16k\Actor_13\03-01-08-02-02-02-13.wav,13,surprised,7
C:\Users\MAHESH\OneDrive\Documents\ML\projects\Emotion_recognition\Audio_Speech_Actors_01-24_16k\Actor_14\03-01-01-01-01-01-14.wav,14,neutral,0
C:\Users\MAHESH\OneDrive\Documents\ML\projects\Emotion_recognition\Audio_Speech_Actors_01-24_16k\Actor_14\03-01-01-01-01-02-14.wav,14,neutral,0
C:\Users\MAHESH\OneDrive\Documents\ML\projects\Emotion_recognition\Audio_Speech_Actors_01-24_16k\Actor_14\03-01-01-01-02-01-14.wav,14,neutral,0
C:\Users\MAHESH\OneDrive\Documents\ML\projects\Emotion_recognition\Audio_Speech_Actors_01-24_16k\Actor_14\03-01-01-01-02-02-14.wav,14,neutral,0
C:\Users\MAHESH\OneDrive\Documents\ML\projects\Emotion_recognition\Audio_Speech_Actors_01-24_16k\Actor_14\03-01-02-01-01-01-14.wav,14,calm,1
C:\Users\MAHESH\OneDrive\Documents\ML\projects\Emotion_recognition\Audio_Speech_Actors_01-24_16k\Actor_14\03-01-02-01-01-02-14.wav,14,calm,1
C:\Users\MAHESH\OneDrive\Documents\ML\projects\Emotion_recognition\Audio_Speech_Actors_01-24_16k\Actor_14\03-01-02-01-02-01-14.wav,14,calm,1
C:\Users\MAHESH\OneDrive\Documents\ML\projects\Emotion_recognition\Audio_Speech_Actors_01-24_16k\Actor_14\03-01-02-01-02-02-14.wav,14,calm,1
C:\Users\MAHESH\OneDrive\Documents\ML\projects\Emotion_recognition\Audio_Speech_Actors_01-24_16k\Actor_14\03-01-02-02-01-01-14.wav,14,calm,1
C:\Users\MAHESH\OneDrive\Documents\ML\projects\Emotion_recognition\Audio_Speech_Actors_01-24_16k\Actor_14\03-01-02-02-01-02-14.wav,14,calm,1
C:\Users\MAHESH\OneDrive\Documents\ML\projects\Emotion_recognition\Audio_Speech_Actors_01-24_16k\Actor_14\03-01-02-02-02-01-14.wav,14,calm,1
C:\Users\MAHESH\OneDrive\Documents\ML\projects\Emotion_recognition\Audio_Speech_Actors_01-24_16k\Actor_14\03-01-02-02-02-02-14.wav,14,calm,1
C:\Users\MAHESH\OneDrive\Documents\ML\projects\Emotion_recognition\Audio_Speech_Actors_01-24_16k\Actor_14\03-01-03-01-01-01-14.wav,14,happy,2
C:\Users\MAHESH\OneDrive\Documents\ML\projects\Emotion_recognition\Audio_Speech_Actors_01-24_16k\Actor_14\03-01-03-01-01-02-14.wav,14,happy,2
C:\Users\MAHESH\OneDrive\Documents\ML\projects\Emotion_recognition\Audio_Speech_Actors_01-24_16k\Actor_14\03-01-03-01-02-01-14.wav,14,happy,2
C:\Users\MAHESH\OneDrive\Documents\ML\projects\Emotion_recognition\Audio_Speech_Actors_01-24_16k\Actor_14\03-01-03-01-02-02-14.wav,14,happy,2
C:\Users\MAHESH\OneDrive\Documents\ML\projects\Emotion_recognition\Audio_Speech_Actors_01-24_16k\Actor_14\03-01-03-02-01-01-14.wav,14,happy,2
C:\Users\MAHESH\OneDrive\Documents\ML\projects\Emotion_recognition\Audio_Speech_Actors_01-24_16k\Actor_14\03-01-03-02-01-02-14.wav,14,happy,2
C:\Users\MAHESH\OneDrive\Documents\ML\projects\Emotion_recognition\Audio_Speech_Actors_01-24_16k\Actor_14\03-01-03-02-02-01-14.wav,14,happy,2
C:\Users\MAHESH\OneDrive\Documents\ML\projects\Emotion_recognition\Audio_Speech_Actors_01-24_16k\Actor_14\03-01-03-02-02-02-14.wav,14,happy,2
C:\Users\MAHESH\OneDrive\Documents\ML\projects\Emotion_recognition\Audio_Speech_Actors_01-24_16k\Actor_14\03-01-04-01-01-01-14.wav,14,sad,3
C:\Users\MAHESH\OneDrive\Documents\ML\projects\Emotion_recognition\Audio_Speech_Actors_01-24_16k\Actor_14\03-01-04-01-01-02-14.wav,14,sad,3
C:\Users\MAHESH\OneDrive\Documents\ML\projects\Emotion_recognition\Audio_Speech_Actors_01-24_16k\Actor_14\03-01-04-01-02-01-14.wav,14,sad,3
C:\Users\MAHESH\OneDrive\Documents\ML\projects\Emotion_recognition\Audio_Speech_Actors_01-24_16k\Actor_14\03-01-04-01-02-02-14.wav,14,sad,3
C:\Users\MAHESH\OneDrive\Documents\ML\projects\Emotion_recognition\Audio_Speech_Actors_01-24_16k\Actor_14\03-01-04-02-01-01-14.wav,14,sad,3
C:\Users\MAHESH\OneDrive\Documents\ML\projects\Emotion_recognition\Audio_Speech_Actors_01-24_16k\Actor_14\03-01-04-02-01-02-14.wav,14,sad,3
C:\Users\MAHESH\OneDrive\Documents\ML\projects\Emotion_recognition\Audio_Speech_Actors_01-24_16k\Actor_14\03-01-04-02-02-01-14.wav,14,sad,3
C:\Users\MAHESH\OneDrive\Documents\ML\projects\Emotion_recognition\Audio_Speech_Actors_01-24_16k\Actor_14\03-01-04-02-02-02-14.wav,14,sad,3
C:\Users\MAHESH\OneDrive\Documents\ML\projects\Emotion_recognition\Audio_Speech_Actors_01-24_16k\Actor_14\03-01-05-01-01-01-14.wav,14,angry,4
C:\Users\MAHESH\OneDrive\Documents\ML\projects\Emotion_recognition\Audio_Speech_Actors_01-24_16k\Actor_14\03-01-05-01-01-02-14.wav,14,angry,4
C:\Users\MAHESH\OneDrive\Documents\ML\projects\Emotion_recognition\Audio_Speech_Actors_01-24_16k\Actor_14\03-01-05-01-02-01-14.wav,14,angry,4
C:\Users\MAHESH\OneDrive\Documents\ML\projects\Emotion_recognition\Audio_Speech_Actors_01-24_16k\Actor_14\03-01-05-01-02-02-14.wav,14,angry,4
C:\Users\MAHESH\OneDrive\Documents\ML\projects\Emotion_recognition\Audio_Speech_Actors_01-24_16k\Actor_14\03-01-05-02-01-01-14.wav,14,angry,4
C:\Users\MAHESH\OneDrive\Documents\ML\projects\Emotion_recognition\Audio_Speech_Actors_01-24_16k\Actor_14\03-01-05-02-01-02-14.wav,14,angry,4
C:\Users\MAHESH\OneDrive\Documents\ML\projects\Emotion_recognition\Audio_Speech_Actors_01-24_16k\Actor_14\03-01-05-02-02-01-14.wav,14,angry,4
C:\Users\MAHESH\OneDrive\Documents\ML\projects\Emotion_recognition\Audio_Speech_Actors_01-24_16k\Actor_14\03-01-05-02-02-02-14.wav,14,angry,4
C:\Users\MAHESH\OneDrive\Documents\ML\projects\Emotion_recognition\Audio_Speech_Actors_01-24_16k\Actor_14\03-01-06-01-01-01-14.wav,14,fearful,5
C:\Users\MAHESH\OneDrive\Documents\ML\projects\Emotion_recognition\Audio_Speech_Actors_01-24_16k\Actor_14\03-01-06-01-01-02-14.wav,14,fearful,5
C:\Users\MAHESH\OneDrive\Documents\ML\projects\Emotion_recognition\Audio_Speech_Actors_01-24_16k\Actor_14\03-01-06-01-02-01-14.wav,14,fearful,5
C:\Users\MAHESH\OneDrive\Documents\ML\projects\Emotion_recognition\Audio_Speech_Actors_01-24_16k\Actor_14\03-01-06-01-02-02-14.wav,14,fearful,5
C:\Users\MAHESH\OneDrive\Documents\ML\projects\Emotion_recognition\Audio_Speech_Actors_01-24_16k\Actor_14\03-01-06-02-01-01-14.wav,14,fearful,5
C:\Users\MAHESH\OneDrive\Documents\ML\projects\Emotion_recognition\Audio_Speech_Actors_01-24_16k\Actor_14\03-01-06-02-01-02-14.wav,14,fearful,5
C:\Users\MAHESH\OneDrive\Documents\ML\projects\Emotion_recognition\Audio_Speech_Actors_01-24_16k\Actor_14\03-01-06-02-02-01-14.wav,14,fearful,5
C:\Users\MAHESH\OneDrive\Documents\ML\projects\Emotion_recognition\Audio_Speech_Actors_01-24_16k\Actor_14\03-01-06-02-02-02-14.wav,14,fearful,5
C:\Users\MAHESH\OneDrive\Documents\ML\projects\Emotion_recognition\Audio_Speech_Actors_01-24_16k\Actor_14\03-01-07-01-01-01-14.wav,14,disgust,6
C:\Users\MAHESH\OneDrive\Documents\ML\projects\Emotion_recognition\Audio_Speech_Actors_01-24_16k\Actor_14\03-01-07-01-01-02-14.wav,14,disgust,6
C:\Users\MAHESH\OneDrive\Documents\ML\projects\Emotion_recognition\Audio_Speech_Actors_01-24_16k\Actor_14\03-01-07-01-02-01-14.wav,14,disgust,6
C:\Users\MAHESH\OneDrive\Documents\ML\projects\Emotion_recognition\Audio_Speech_Actors_01-24_16k\Actor_14\03-01-07-01-02-02-14.wav,14,disgust,6
C:\Users\MAHESH\OneDrive\Documents\ML\projects\Emotion_recognition\Audio_Speech_Actors_01-24_16k\Actor_14\03-01-07-02-01-01-14.wav,14,disgust,6
C:\Users\MAHESH\OneDrive\Documents\ML\projects\Emotion_recognition\Audio_Speech_Actors_01-24_16k\Actor_14\03-01-07-02-01-02-14.wav,14,disgust,6
C:\Users\MAHESH\OneDrive\Documents\ML\projects\Emotion_recognition\Audio_Speech_Actors_01-24_16k\Actor_14\03-01-07-02-02-01-14.wav,14,disgust,6
C:\Users\MAHESH\OneDrive\Documents\ML\projects\Emotion_recognition\Audio_Speech_Actors_01-24_16k\Actor_14\03-01-07-02-02-02-14.wav,14,disgust,6
C:\Users\MAHESH\OneDrive\Documents\ML\projects\Emotion_recognition\Audio_Speech_Actors_01-24_16k\Actor_14\03-01-08-01-01-01-14.wav,14,surprised,7
C:\Users\MAHESH\OneDrive\Documents\ML\projects\Emotion_recognition\Audio_Speech_Actors_01-24_16k\Actor_14\03-01-08-01-01-02-14.wav,14,surprised,7
C:\Users\MAHESH\OneDrive\Documents\ML\projects\Emotion_recognition\Audio_Speech_Actors_01-24_16k\Actor_14\03-01-08-01-02-01-14.wav,14,surprised,7
C:\Users\MAHESH\OneDrive\Documents\ML\projects\Emotion_recognition\Audio_Speech_Actors_01-24_16k\Actor_14\03-01-08-01-02-02-14.wav,14,surprised,7
C:\Users\MAHESH\OneDrive\Documents\ML\projects\Emotion_recognition\Audio_Speech_Actors_01-24_16k\Actor_14\03-01-08-02-01-01-14.wav,14,surprised,7
C:\Users\MAHESH\OneDrive\Documents\ML\projects\Emotion_recognition\Audio_Speech_Actors_01-24_16k\Actor_14\03-01-08-02-01-02-14.wav,14,surprised,7
C:\Users\MAHESH\OneDrive\Documents\ML\projects\Emotion_recognition\Audio_Speech_Actors_01-24_16k\Actor_14\03-01-08-02-02-01-14.wav,14,surprised,7
C:\Users\MAHESH\OneDrive\Documents\ML\projects\Emotion_recognition\Audio_Speech_Actors_01-24_16k\Actor_14\03-01-08-02-02-02-14.wav,14,surprised,7
C:\Users\MAHESH\OneDrive\Documents\ML\projects\Emotion_recognition\Audio_Speech_Actors_01-24_16k\Actor_15\03-01-01-01-01-01-15.wav,15,neutral,0
C:\Users\MAHESH\OneDrive\Documents\ML\projects\Emotion_recognition\Audio_Speech_Actors_01-24_16k\Actor_15\03-01-01-01-01-02-15.wav,15,neutral,0
C:\Users\MAHESH\OneDrive\Documents\ML\projects\Emotion_recognition\Audio_Speech_Actors_01-24_16k\Actor_15\03-01-01-01-02-01-15.wav,15,neutral,0
C:\Users\MAHESH\OneDrive\Documents\ML\projects\Emotion_recognition\Audio_Speech_Actors_01-24_16k\Actor_15\03-01-01-01-02-02-15.wav,15,neutral,0
C:\Users\MAHESH\OneDrive\Documents\ML\projects\Emotion_recognition\Audio_Speech_Actors_01-24_16k\Actor_15\03-01-02-01-01-01-15.wav,15,calm,1
C:\Users\MAHESH\OneDrive\Documents\ML\projects\Emotion_recognition\Audio_Speech_Actors_01-24_16k\Actor_15\03-01-02-01-01-02-15.wav,15,calm,1
C:\Users\MAHESH\OneDrive\Documents\ML\projects\Emotion_recognition\Audio_Speech_Actors_01-24_16k\Actor_15\03-01-02-01-02-01-15.wav,15,calm,1
C:\Users\MAHESH\OneDrive\Documents\ML\projects\Emotion_recognition\Audio_Speech_Actors_01-24_16k\Actor_15\03-01-02-01-02-02-15.wav,15,calm,1
C:\Users\MAHESH\OneDrive\Documents\ML\projects\Emotion_recognition\Audio_Speech_Actors_01-24_16k\Actor_15\03-01-02-02-01-01-15.wav,15,calm,1
C:\Users\MAHESH\OneDrive\Documents\ML\projects\Emotion_recognition\Audio_Speech_Actors_01-24_16k\Actor_15\03-01-02-02-01-02-15.wav,15,calm,1
C:\Users\MAHESH\OneDrive\Documents\ML\projects\Emotion_recognition\Audio_Speech_Actors_01-24_16k\Actor_15\03-01-02-02-02-01-15.wav,15,calm,1
C:\Users\MAHESH\OneDrive\Documents\ML\projects\Emotion_recognition\Audio_Speech_Actors_01-24_16k\Actor_15\03-01-02-02-02-02-15.wav,15,calm,1
C:\Users\MAHESH\OneDrive\Documents\ML\projects\Emotion_recognition\Audio_Speech_Actors_01-24_16k\Actor_15\03-01-03-01-01-01-15.wav,15,happy,2
C:\Users\MAHESH\OneDrive\Documents\ML\projects\Emotion_recognition\Audio_Speech_Actors_01-24_16k\Actor_15\03-01-03-01-01-02-15.wav,15,happy,2
C:\Users\MAHESH\OneDrive\Documents\ML\projects\Emotion_recognition\Audio_Speech_Actors_01-24_16k\Actor_15\03-01-03-01-02-01-15.wav,15,happy,2
C:\Users\MAHESH\OneDrive\Documents\ML\projects\Emotion_recognition\Audio_Speech_Actors_01-24_16k\Actor_15\03-01-03-01-02-02-15.wav,15,happy,2
C:\Users\MAHESH\OneDrive\Documents\ML\projects\Emotion_recognition\Audio_Speech_Actors_01-24_16k\Actor_15\03-01-03-02-01-01-15.wav,15,happy,2
C:\Users\MAHESH\OneDrive\Documents\ML\projects\Emotion_recognition\Audio_Speech_Actors_01-24_16k\Actor_15\03-01-03-02-01-02-15.wav,15,happy,2
C:\Users\MAHESH\OneDrive\Documents\ML\projects\Emotion_recognition\Audio_Speech_Actors_01-24_16k\Actor_15\03-01-03-02-02-01-15.wav,15,happy,2
C:\Users\MAHESH\OneDrive\Documents\ML\projects\Emotion_recognition\Audio_Speech_Actors_01-24_16k\Actor_15\03-01-03-02-02-02-15.wav,15,happy,2
C:\Users\MAHESH\OneDrive\Documents\ML\projects\Emotion_recognition\Audio_Speech_Actors_01-24_16k\Actor_15\03-01-04-01-01-01-15.wav,15,sad,3
C:\Users\MAHESH\OneDrive\Documents\ML\projects\Emotion_recognition\Audio_Speech_Actors_01-24_16k\Actor_15\03-01-04-01-01-02-15.wav,15,sad,3
C:\Users\MAHESH\OneDrive\Documents\ML\projects\Emotion_recognition\Audio_Speech_Actors_01-24_16k\Actor_15\03-01-04-01-02-01-15.wav,15,sad,3
C:\Users\MAHESH\OneDrive\Documents\ML\projects\Emotion_recognition\Audio_Speech_Actors_01-24_16k\Actor_15\03-01-04-01-02-02-15.wav,15,sad,3
C:\Users\MAHESH\OneDrive\Documents\ML\projects\Emotion_recognition\Audio_Speech_Actors_01-24_16k\Actor_15\03-01-04-02-01-01-15.wav,15,sad,3
C:\Users\MAHESH\OneDrive\Documents\ML\projects\Emotion_recognition\Audio_Speech_Actors_01-24_16k\Actor_15\03-01-04-02-01-02-15.wav,15,sad,3
C:\Users\MAHESH\OneDrive\Documents\ML\projects\Emotion_recognition\Audio_Speech_Actors_01-24_16k\Actor_15\03-01-04-02-02-01-15.wav,15,sad,3
C:\Users\MAHESH\OneDrive\Documents\ML\projects\Emotion_recognition\Audio_Speech_Actors_01-24_16k\Actor_15\03-01-04-02-02-02-15.wav,15,sad,3
C:\Users\MAHESH\OneDrive\Documents\ML\projects\Emotion_recognition\Audio_Speech_Actors_01-24_16k\Actor_15\03-01-05-01-01-01-15.wav,15,angry,4
C:\Users\MAHESH\OneDrive\Documents\ML\projects\Emotion_recognition\Audio_Speech_Actors_01-24_16k\Actor_15\03-01-05-01-01-02-15.wav,15,angry,4
C:\Users\MAHESH\OneDrive\Documents\ML\projects\Emotion_recognition\Audio_Speech_Actors_01-24_16k\Actor_15\03-01-05-01-02-01-15.wav,15,angry,4
C:\Users\MAHESH\OneDrive\Documents\ML\projects\Emotion_recognition\Audio_Speech_Actors_01-24_16k\Actor_15\03-01-05-01-02-02-15.wav,15,angry,4
C:\Users\MAHESH\OneDrive\Documents\ML\projects\Emotion_recognition\Audio_Speech_Actors_01-24_16k\Actor_15\03-01-05-02-01-01-15.wav,15,angry,4
C:\Users\MAHESH\OneDrive\Documents\ML\projects\Emotion_recognition\Audio_Speech_Actors_01-24_16k\Actor_15\03-01-05-02-01-02-15.wav,15,angry,4
C:\Users\MAHESH\OneDrive\Documents\ML\projects\Emotion_recognition\Audio_Speech_Actors_01-24_16k\Actor_15\03-01-05-02-02-01-15.wav,15,angry,4
C:\Users\MAHESH\OneDrive\Documents\ML\projects\Emotion_recognition\Audio_Speech_Actors_01-24_16k\Actor_15\03-01-05-02-02-02-15.wav,15,angry,4
C:\Users\MAHESH\OneDrive\Documents\ML\projects\Emotion_recognition\Audio_Speech_Actors_01-24_16k\Actor_15\03-01-06-01-01-01-15.wav,15,fearful,5
C:\Users\MAHESH\OneDrive\Documents\ML\projects\Emotion_recognition\Audio_Speech_Actors_01-24_16k\Actor_15\03-01-06-01-01-02-15.wav,15,fearful,5
C:\Users\MAHESH\OneDrive\Documents\ML\projects\Emotion_recognition\Audio_Speech_Actors_01-24_16k\Actor_15\03-01-06-01-02-01-15.wav,15,fearful,5
C:\Users\MAHESH\OneDrive\Documents\ML\projects\Emotion_recognition\Audio_Speech_Actors_01-24_16k\Actor_15\03-01-06-01-02-02-15.wav,15,fearful,5
C:\Users\MAHESH\OneDrive\Documents\ML\projects\Emotion_recognition\Audio_Speech_Actors_01-24_16k\Actor_15\03-01-06-02-01-01-15.wav,15,fearful,5
C:\Users\MAHESH\OneDrive\Documents\ML\projects\Emotion_recognition\Audio_Speech_Actors_01-24_16k\Actor_15\03-01-06-02-01-02-15.wav,15,fearful,5
C:\Users\MAHESH\OneDrive\Documents\ML\projects\Emotion_recognition\Audio_Speech_Actors_01-24_16k\Actor_15\03-01-06-02-02-01-15.wav,15,fearful,5
C:\Users\MAHESH\OneDrive\Documents\ML\projects\Emotion_recognition\Audio_Speech_Actors_01-24_16k\Actor_15\03-01-06-02-02-02-15.wav,15,fearful,5
C:\Users\MAHESH\OneDrive\Documents\ML\projects\Emotion_recognition\Audio_Speech_Actors_01-24_16k\Actor_15\03-01-07-01-01-01-15.wav,15,disgust,6
C:\Users\MAHESH\OneDrive\Documents\ML\projects\Emotion_recognition\Audio_Speech_Actors_01-24_16k\Actor_15\03-01-07-01-01-02-15.wav,15,disgust,6
C:\Users\MAHESH\OneDrive\Documents\ML\projects\Emotion_recognition\Audio_Speech_Actors_01-24_16k\Actor_15\03-01-07-01-02-01-15.wav,15,disgust,6
C:\Users\MAHESH\OneDrive\Documents\ML\projects\Emotion_recognition\Audio_Speech_Actors_01-24_16k\Actor_15\03-01-07-01-02-02-15.wav,15,disgust,6
C:\Users\MAHESH\OneDrive\Documents\ML\projects\Emotion_recognition\Audio_Speech_Actors_01-24_16k\Actor_15\03-01-07-02-01-01-15.wav,15,disgust,6
C:\Users\MAHESH\OneDrive\Documents\ML\projects\Emotion_recognition\Audio_Speech_Actors_01-24_16k\Actor_15\03-01-07-02-01-02-15.wav,15,disgust,6
C:\Users\MAHESH\OneDrive\Documents\ML\projects\Emotion_recognition\Audio_Speech_Actors_01-24_16k\Actor_15\03-01-07-02-02-01-15.wav,15,disgust,6
C:\Users\MAHESH\OneDrive\Documents\ML\projects\Emotion_recognition\Audio_Speech_Actors_01-24_16k\Actor_15\03-01-07-02-02-02-15.wav,15,disgust,6
C:\Users\MAHESH\OneDrive\Documents\ML\projects\Emotion_recognition\Audio_Speech_Actors_01-24_16k\Actor_15\03-01-08-01-01-01-15.wav,15,surprised,7
C:\Users\MAHESH\OneDrive\Documents\ML\projects\Emotion_recognition\Audio_Speech_Actors_01-24_16k\Actor_15\03-01-08-01-01-02-15.wav,15,surprised,7
C:\Users\MAHESH\OneDrive\Documents\ML\projects\Emotion_recognition\Audio_Speech_Actors_01-24_16k\Actor_15\03-01-08-01-02-01-15.wav,15,surprised,7
C:\Users\MAHESH\OneDrive\Documents\ML\projects\Emotion_recognition\Audio_Speech_Actors_01-24_16k\Actor_15\03-01-08-01-02-02-15.wav,15,surprised,7
C:\Users\MAHESH\OneDrive\Documents\ML\projects\Emotion_recognition\Audio_Speech_Actors_01-24_16k\Actor_15\03-01-08-02-01-01-15.wav,15,surprised,7
C:\Users\MAHESH\OneDrive\Documents\ML\projects\Emotion_recognition\Audio_Speech_Actors_01-24_16k\Actor_15\03-01-08-02-01-02-15.wav,15,surprised,7
C:\Users\MAHESH\OneDrive\Documents\ML\projects\Emotion_recognition\Audio_Speech_Actors_01-24_16k\Actor_15\03-01-08-02-02-01-15.wav,15,surprised,7
C:\Users\MAHESH\OneDrive\Documents\ML\projects\Emotion_recognition\Audio_Speech_Actors_01-24_16k\Actor_15\03-01-08-02-02-02-15.wav,15,surprised,7
C:\Users\MAHESH\OneDrive\Documents\ML\projects\Emotion_recognition\Audio_Speech_Actors_01-24_16k\Actor_16\03-01-01-01-01-01-16.wav,16,neutral,0
C:\Users\MAHESH\OneDrive\Documents\ML\projects\Emotion_recognition\Audio_Speech_Actors_01-24_16k\Actor_16\03-01-01-01-01-02-16.wav,16,neutral,0
C:\Users\MAHESH\OneDrive\Documents\ML\projects\Emotion_recognition\Audio_Speech_Actors_01-24_16k\Actor_16\03-01-01-01-02-01-16.wav,16,neutral,0
C:\Users\MAHESH\OneDrive\Documents\ML\projects\Emotion_recognition\Audio_Speech_Actors_01-24_16k\Actor_16\03-01-01-01-02-02-16.wav,16,neutral,0
C:\Users\MAHESH\OneDrive\Documents\ML\projects\Emotion_recognition\Audio_Speech_Actors_01-24_16k\Actor_16\03-01-02-01-01-01-16.wav,16,calm,1
C:\Users\MAHESH\OneDrive\Documents\ML\projects\Emotion_recognition\Audio_Speech_Actors_01-24_16k\Actor_16\03-01-02-01-01-02-16.wav,16,calm,1
C:\Users\MAHESH\OneDrive\Documents\ML\projects\Emotion_recognition\Audio_Speech_Actors_01-24_16k\Actor_16\03-01-02-01-02-01-16.wav,16,calm,1
C:\Users\MAHESH\OneDrive\Documents\ML\projects\Emotion_recognition\Audio_Speech_Actors_01-24_16k\Actor_16\03-01-02-01-02-02-16.wav,16,calm,1
C:\Users\MAHESH\OneDrive\Documents\ML\projects\Emotion_recognition\Audio_Speech_Actors_01-24_16k\Actor_16\03-01-02-02-01-01-16.wav,16,calm,1
C:\Users\MAHESH\OneDrive\Documents\ML\projects\Emotion_recognition\Audio_Speech_Actors_01-24_16k\Actor_16\03-01-02-02-01-02-16.wav,16,calm,1
C:\Users\MAHESH\OneDrive\Documents\ML\projects\Emotion_recognition\Audio_Speech_Actors_01-24_16k\Actor_16\03-01-02-02-02-01-16.wav,16,calm,1
C:\Users\MAHESH\OneDrive\Documents\ML\projects\Emotion_recognition\Audio_Speech_Actors_01-24_16k\Actor_16\03-01-02-02-02-02-16.wav,16,calm,1
C:\Users\MAHESH\OneDrive\Documents\ML\projects\Emotion_recognition\Audio_Speech_Actors_01-24_16k\Actor_16\03-01-03-01-01-01-16.wav,16,happy,2
C:\Users\MAHESH\OneDrive\Documents\ML\projects\Emotion_recognition\Audio_Speech_Actors_01-24_16k\Actor_16\03-01-03-01-01-02-16.wav,16,happy,2
C:\Users\MAHESH\OneDrive\Documents\ML\projects\Emotion_recognition\Audio_Speech_Actors_01-24_16k\Actor_16\03-01-03-01-02-01-16.wav,16,happy,2
C:\Users\MAHESH\OneDrive\Documents\ML\projects\Emotion_recognition\Audio_Speech_Actors_01-24_16k\Actor_16\03-01-03-01-02-02-16.wav,16,happy,2
C:\Users\MAHESH\OneDrive\Documents\ML\projects\Emotion_recognition\Audio_Speech_Actors_01-24_16k\Actor_16\03-01-03-02-01-01-16.wav,16,happy,2
C:\Users\MAHESH\OneDrive\Documents\ML\projects\Emotion_recognition\Audio_Speech_Actors_01-24_16k\Actor_16\03-01-03-02-01-02-16.wav,16,happy,2
C:\Users\MAHESH\OneDrive\Documents\ML\projects\Emotion_recognition\Audio_Speech_Actors_01-24_16k\Actor_16\03-01-03-02-02-01-16.wav,16,happy,2
C:\Users\MAHESH\OneDrive\Documents\ML\projects\Emotion_recognition\Audio_Speech_Actors_01-24_16k\Actor_16\03-01-03-02-02-02-16.wav,16,happy,2
C:\Users\MAHESH\OneDrive\Documents\ML\projects\Emotion_recognition\Audio_Speech_Actors_01-24_16k\Actor_16\03-01-04-01-01-01-16.wav,16,sad,3
C:\Users\MAHESH\OneDrive\Documents\ML\projects\Emotion_recognition\Audio_Speech_Actors_01-24_16k\Actor_16\03-01-04-01-01-02-16.wav,16,sad,3
C:\Users\MAHESH\OneDrive\Documents\ML\projects\Emotion_recognition\Audio_Speech_Actors_01-24_16k\Actor_16\03-01-04-01-02-01-16.wav,16,sad,3
C:\Users\MAHESH\OneDrive\Documents\ML\projects\Emotion_recognition\Audio_Speech_Actors_01-24_16k\Actor_16\03-01-04-01-02-02-16.wav,16,sad,3
C:\Users\MAHESH\OneDrive\Documents\ML\projects\Emotion_recognition\Audio_Speech_Actors_01-24_16k\Actor_16\03-01-04-02-01-01-16.wav,16,sad,3
C:\Users\MAHESH\OneDrive\Documents\ML\projects\Emotion_recognition\Audio_Speech_Actors_01-24_16k\Actor_16\03-01-04-02-01-02-16.wav,16,sad,3
C:\Users\MAHESH\OneDrive\Documents\ML\projects\Emotion_recognition\Audio_Speech_Actors_01-24_16k\Actor_16\03-01-04-02-02-01-16.wav,16,sad,3
C:\Users\MAHESH\OneDrive\Documents\ML\projects\Emotion_recognition\Audio_Speech_Actors_01-24_16k\Actor_16\03-01-04-02-02-02-16.wav,16,sad,3
C:\Users\MAHESH\OneDrive\Documents\ML\projects\Emotion_recognition\Audio_Speech_Actors_01-24_16k\Actor_16\03-01-05-01-01-01-16.wav,16,angry,4
C:\Users\MAHESH\OneDrive\Documents\ML\projects\Emotion_recognition\Audio_Speech_Actors_01-24_16k\Actor_16\03-01-05-01-01-02-16.wav,16,angry,4
C:\Users\MAHESH\OneDrive\Documents\ML\projects\Emotion_recognition\Audio_Speech_Actors_01-24_16k\Actor_16\03-01-05-01-02-01-16.wav,16,angry,4
C:\Users\MAHESH\OneDrive\Documents\ML\projects\Emotion_recognition\Audio_Speech_Actors_01-24_16k\Actor_16\03-01-05-01-02-02-16.wav,16,angry,4
C:\Users\MAHESH\OneDrive\Documents\ML\projects\Emotion_recognition\Audio_Speech_Actors_01-24_16k\Actor_16\03-01-05-02-01-01-16.wav,16,angry,4
C:\Users\MAHESH\OneDrive\Documents\ML\projects\Emotion_recognition\Audio_Speech_Actors_01-24_16k\Actor_16\03-01-05-02-01-02-16.wav,16,angry,4
C:\Users\MAHESH\OneDrive\Documents\ML\projects\Emotion_recognition\Audio_Speech_Actors_01-24_16k\Actor_16\03-01-05-02-02-01-16.wav,16,angry,4
C:\Users\MAHESH\OneDrive\Documents\ML\projects\Emotion_recognition\Audio_Speech_Actors_01-24_16k\Actor_16\03-01-05-02-02-02-16.wav,16,angry,4
C:\Users\MAHESH\OneDrive\Documents\ML\projects\Emotion_recognition\Audio_Speech_Actors_01-24_16k\Actor_16\03-01-06-01-01-01-16.wav,16,fearful,5
C:\Users\MAHESH\OneDrive\Documents\ML\projects\Emotion_recognition\Audio_Speech_Actors_01-24_16k\Actor_16\03-01-06-01-01-02-16.wav,16,fearful,5
C:\Users\MAHESH\OneDrive\Documents\ML\projects\Emotion_recognition\Audio_Speech_Actors_01-24_16k\Actor_16\03-01-06-01-02-01-16.wav,16,fearful,5
C:\Users\MAHESH\OneDrive\Documents\ML\projects\Emotion_recognition\Audio_Speech_Actors_01-24_16k\Actor_16\03-01-06-01-02-02-16.wav,16,fearful,5
C:\Users\MAHESH\OneDrive\Documents\ML\projects\Emotion_recognition\Audio_Speech_Actors_01-24_16k\Actor_16\03-01-06-02-01-01-16.wav,16,fearful,5
C:\Users\MAHESH\OneDrive\Documents\ML\projects\Emotion_recognition\Audio_Speech_Actors_01-24_16k\Actor_16\03-01-06-02-01-02-16.wav,16,fearful,5
C:\Users\MAHESH\OneDrive\Documents\ML\projects\Emotion_recognition\Audio_Speech_Actors_01-24_16k\Actor_16\03-01-06-02-02-01-16.wav,16,fearful,5
C:\Users\MAHESH\OneDrive\Documents\ML\projects\Emotion_recognition\Audio_Speech_Actors_01-24_16k\Actor_16\03-01-06-02-02-02-16.wav,16,fearful,5
C:\Users\MAHESH\OneDrive\Documents\ML\projects\Emotion_recognition\Audio_Speech_Actors_01-24_16k\Actor_16\03-01-07-01-01-01-16.wav,16,disgust,6
C:\Users\MAHESH\OneDrive\Documents\ML\projects\Emotion_recognition\Audio_Speech_Actors_01-24_16k\Actor_16\03-01-07-01-01-02-16.wav,16,disgust,6
C:\Users\MAHESH\OneDrive\Documents\ML\projects\Emotion_recognition\Audio_Speech_Actors_01-24_16k\Actor_16\03-01-07-01-02-01-16.wav,16,disgust,6
C:\Users\MAHESH\OneDrive\Documents\ML\projects\Emotion_recognition\Audio_Speech_Actors_01-24_16k\Actor_16\03-01-07-01-02-02-16.wav,16,disgust,6
C:\Users\MAHESH\OneDrive\Documents\ML\projects\Emotion_recognition\Audio_Speech_Actors_01-24_16k\Actor_16\03-01-07-02-01-01-16.wav,16,disgust,6
C:\Users\MAHESH\OneDrive\Documents\ML\projects\Emotion_recognition\Audio_Speech_Actors_01-24_16k\Actor_16\03-01-07-02-01-02-16.wav,16,disgust,6
C:\Users\MAHESH\OneDrive\Documents\ML\projects\Emotion_recognition\Audio_Speech_Actors_01-24_16k\Actor_16\03-01-07-02-02-01-16.wav,16,disgust,6
C:\Users\MAHESH\OneDrive\Documents\ML\projects\Emotion_recognition\Audio_Speech_Actors_01-24_16k\Actor_16\03-01-07-02-02-02-16.wav,16,disgust,6
C:\Users\MAHESH\OneDrive\Documents\ML\projects\Emotion_recognition\Audio_Speech_Actors_01-24_16k\Actor_16\03-01-08-01-01-01-16.wav,16,surprised,7
C:\Users\MAHESH\OneDrive\Documents\ML\projects\Emotion_recognition\Audio_Speech_Actors_01-24_16k\Actor_16\03-01-08-01-01-02-16.wav,16,surprised,7
C:\Users\MAHESH\OneDrive\Documents\ML\projects\Emotion_recognition\Audio_Speech_Actors_01-24_16k\Actor_16\03-01-08-01-02-01-16.wav,16,surprised,7
C:\Users\MAHESH\OneDrive\Documents\ML\projects\Emotion_recognition\Audio_Speech_Actors_01-24_16k\Actor_16\03-01-08-01-02-02-16.wav,16,surprised,7
C:\Users\MAHESH\OneDrive\Documents\ML\projects\Emotion_recognition\Audio_Speech_Actors_01-24_16k\Actor_16\03-01-08-02-01-01-16.wav,16,surprised,7
C:\Users\MAHESH\OneDrive\Documents\ML\projects\Emotion_recognition\Audio_Speech_Actors_01-24_16k\Actor_16\03-01-08-02-01-02-16.wav,16,surprised,7
C:\Users\MAHESH\OneDrive\Documents\ML\projects\Emotion_recognition\Audio_Speech_Actors_01-24_16k\Actor_16\03-01-08-02-02-01-16.wav,16,surprised,7
C:\Users\MAHESH\OneDrive\Documents\ML\projects\Emotion_recognition\Audio_Speech_Actors_01-24_16k\Actor_16\03-01-08-02-02-02-16.wav,16,surprised,7
C:\Users\MAHESH\OneDrive\Documents\ML\projects\Emotion_recognition\Audio_Speech_Actors_01-24_16k\Actor_17\03-01-01-01-01-01-17.wav,17,neutral,0
C:\Users\MAHESH\OneDrive\Documents\ML\projects\Emotion_recognition\Audio_Speech_Actors_01-24_16k\Actor_17\03-01-01-01-01-02-17.wav,17,neutral,0
C:\Users\MAHESH\OneDrive\Documents\ML\projects\Emotion_recognition\Audio_Speech_Actors_01-24_16k\Actor_17\03-01-01-01-02-01-17.wav,17,neutral,0
C:\Users\MAHESH\OneDrive\Documents\ML\projects\Emotion_recognition\Audio_Speech_Actors_01-24_16k\Actor_17\03-01-01-01-02-02-17.wav,17,neutral,0
C:\Users\MAHESH\OneDrive\Documents\ML\projects\Emotion_recognition\Audio_Speech_Actors_01-24_16k\Actor_17\03-01-02-01-01-01-17.wav,17,calm,1
C:\Users\MAHESH\OneDrive\Documents\ML\projects\Emotion_recognition\Audio_Speech_Actors_01-24_16k\Actor_17\03-01-02-01-01-02-17.wav,17,calm,1
C:\Users\MAHESH\OneDrive\Documents\ML\projects\Emotion_recognition\Audio_Speech_Actors_01-24_16k\Actor_17\03-01-02-01-02-01-17.wav,17,calm,1
C:\Users\MAHESH\OneDrive\Documents\ML\projects\Emotion_recognition\Audio_Speech_Actors_01-24_16k\Actor_17\03-01-02-01-02-02-17.wav,17,calm,1
C:\Users\MAHESH\OneDrive\Documents\ML\projects\Emotion_recognition\Audio_Speech_Actors_01-24_16k\Actor_17\03-01-02-02-01-01-17.wav,17,calm,1
C:\Users\MAHESH\OneDrive\Documents\ML\projects\Emotion_recognition\Audio_Speech_Actors_01-24_16k\Actor_17\03-01-02-02-01-02-17.wav,17,calm,1
C:\Users\MAHESH\OneDrive\Documents\ML\projects\Emotion_recognition\Audio_Speech_Actors_01-24_16k\Actor_17\03-01-02-02-02-01-17.wav,17,calm,1
C:\Users\MAHESH\OneDrive\Documents\ML\projects\Emotion_recognition\Audio_Speech_Actors_01-24_16k\Actor_17\03-01-02-02-02-02-17.wav,17,calm,1
C:\Users\MAHESH\OneDrive\Documents\ML\projects\Emotion_recognition\Audio_Speech_Actors_01-24_16k\Actor_17\03-01-03-01-01-01-17.wav,17,happy,2
C:\Users\MAHESH\OneDrive\Documents\ML\projects\Emotion_recognition\Audio_Speech_Actors_01-24_16k\Actor_17\03-01-03-01-01-02-17.wav,17,happy,2
C:\Users\MAHESH\OneDrive\Documents\ML\projects\Emotion_recognition\Audio_Speech_Actors_01-24_16k\Actor_17\03-01-03-01-02-01-17.wav,17,happy,2
C:\Users\MAHESH\OneDrive\Documents\ML\projects\Emotion_recognition\Audio_Speech_Actors_01-24_16k\Actor_17\03-01-03-01-02-02-17.wav,17,happy,2
C:\Users\MAHESH\OneDrive\Documents\ML\projects\Emotion_recognition\Audio_Speech_Actors_01-24_16k\Actor_17\03-01-03-02-01-01-17.wav,17,happy,2
C:\Users\MAHESH\OneDrive\Documents\ML\projects\Emotion_recognition\Audio_Speech_Actors_01-24_16k\Actor_17\03-01-03-02-01-02-17.wav,17,happy,2
C:\Users\MAHESH\OneDrive\Documents\ML\projects\Emotion_recognition\Audio_Speech_Actors_01-24_16k\Actor_17\03-01-03-02-02-01-17.wav,17,happy,2
C:\Users\MAHESH\OneDrive\Documents\ML\projects\Emotion_recognition\Audio_Speech_Actors_01-24_16k\Actor_17\03-01-03-02-02-02-17.wav,17,happy,2
C:\Users\MAHESH\OneDrive\Documents\ML\projects\Emotion_recognition\Audio_Speech_Actors_01-24_16k\Actor_17\03-01-04-01-01-01-17.wav,17,sad,3
C:\Users\MAHESH\OneDrive\Documents\ML\projects\Emotion_recognition\Audio_Speech_Actors_01-24_16k\Actor_17\03-01-04-01-01-02-17.wav,17,sad,3
C:\Users\MAHESH\OneDrive\Documents\ML\projects\Emotion_recognition\Audio_Speech_Actors_01-24_16k\Actor_17\03-01-04-01-02-01-17.wav,17,sad,3
C:\Users\MAHESH\OneDrive\Documents\ML\projects\Emotion_recognition\Audio_Speech_Actors_01-24_16k\Actor_17\03-01-04-01-02-02-17.wav,17,sad,3
C:\Users\MAHESH\OneDrive\Documents\ML\projects\Emotion_recognition\Audio_Speech_Actors_01-24_16k\Actor_17\03-01-04-02-01-01-17.wav,17,sad,3
C:\Users\MAHESH\OneDrive\Documents\ML\projects\Emotion_recognition\Audio_Speech_Actors_01-24_16k\Actor_17\03-01-04-02-01-02-17.wav,17,sad,3
C:\Users\MAHESH\OneDrive\Documents\ML\projects\Emotion_recognition\Audio_Speech_Actors_01-24_16k\Actor_17\03-01-04-02-02-01-17.wav,17,sad,3
C:\Users\MAHESH\OneDrive\Documents\ML\projects\Emotion_recognition\Audio_Speech_Actors_01-24_16k\Actor_17\03-01-04-02-02-02-17.wav,17,sad,3
C:\Users\MAHESH\OneDrive\Documents\ML\projects\Emotion_recognition\Audio_Speech_Actors_01-24_16k\Actor_17\03-01-05-01-01-01-17.wav,17,angry,4
C:\Users\MAHESH\OneDrive\Documents\ML\projects\Emotion_recognition\Audio_Speech_Actors_01-24_16k\Actor_17\03-01-05-01-01-02-17.wav,17,angry,4
C:\Users\MAHESH\OneDrive\Documents\ML\projects\Emotion_recognition\Audio_Speech_Actors_01-24_16k\Actor_17\03-01-05-01-02-01-17.wav,17,angry,4
C:\Users\MAHESH\OneDrive\Documents\ML\projects\Emotion_recognition\Audio_Speech_Actors_01-24_16k\Actor_17\03-01-05-01-02-02-17.wav,17,angry,4
C:\Users\MAHESH\OneDrive\Documents\ML\projects\Emotion_recognition\Audio_Speech_Actors_01-24_16k\Actor_17\03-01-05-02-01-01-17.wav,17,angry,4
C:\Users\MAHESH\OneDrive\Documents\ML\projects\Emotion_recognition\Audio_Speech_Actors_01-24_16k\Actor_17\03-01-05-02-01-02-17.wav,17,angry,4
C:\Users\MAHESH\OneDrive\Documents\ML\projects\Emotion_recognition\Audio_Speech_Actors_01-24_16k\Actor_17\03-01-05-02-02-01-17.wav,17,angry,4
C:\Users\MAHESH\OneDrive\Documents\ML\projects\Emotion_recognition\Audio_Speech_Actors_01-24_16k\Actor_17\03-01-05-02-02-02-17.wav,17,angry,4
C:\Users\MAHESH\OneDrive\Documents\ML\projects\Emotion_recognition\Audio_Speech_Actors_01-24_16k\Actor_17\03-01-06-01-01-01-17.wav,17,fearful,5
C:\Users\MAHESH\OneDrive\Documents\ML\projects\Emotion_recognition\Audio_Speech_Actors_01-24_16k\Actor_17\03-01-06-01-01-02-17.wav,17,fearful,5
C:\Users\MAHESH\OneDrive\Documents\ML\projects\Emotion_recognition\Audio_Speech_Actors_01-24_16k\Actor_17\03-01-06-01-02-01-17.wav,17,fearful,5
C:\Users\MAHESH\OneDrive\Documents\ML\projects\Emotion_recognition\Audio_Speech_Actors_01-24_16k\Actor_17\03-01-06-01-02-02-17.wav,17,fearful,5
C:\Users\MAHESH\OneDrive\Documents\ML\projects\Emotion_recognition\Audio_Speech_Actors_01-24_16k\Actor_17\03-01-06-02-01-01-17.wav,17,fearful,5
C:\Users\MAHESH\OneDrive\Documents\ML\projects\Emotion_recognition\Audio_Speech_Actors_01-24_16k\Actor_17\03-01-06-02-01-02-17.wav,17,fearful,5
C:\Users\MAHESH\OneDrive\Documents\ML\projects\Emotion_recognition\Audio_Speech_Actors_01-24_16k\Actor_17\03-01-06-02-02-01-17.wav,17,fearful,5
C:\Users\MAHESH\OneDrive\Documents\ML\projects\Emotion_recognition\Audio_Speech_Actors_01-24_16k\Actor_17\03-01-06-02-02-02-17.wav,17,fearful,5
C:\Users\MAHESH\OneDrive\Documents\ML\projects\Emotion_recognition\Audio_Speech_Actors_01-24_16k\Actor_17\03-01-07-01-01-01-17.wav,17,disgust,6
C:\Users\MAHESH\OneDrive\Documents\ML\projects\Emotion_recognition\Audio_Speech_Actors_01-24_16k\Actor_17\03-01-07-01-01-02-17.wav,17,disgust,6
C:\Users\MAHESH\OneDrive\Documents\ML\projects\Emotion_recognition\Audio_Speech_Actors_01-24_16k\Actor_17\03-01-07-01-02-01-17.wav,17,disgust,6
C:\Users\MAHESH\OneDrive\Documents\ML\projects\Emotion_recognition\Audio_Speech_Actors_01-24_16k\Actor_17\03-01-07-01-02-02-17.wav,17,disgust,6
C:\Users\MAHESH\OneDrive\Documents\ML\projects\Emotion_recognition\Audio_Speech_Actors_01-24_16k\Actor_17\03-01-07-02-01-01-17.wav,17,disgust,6
C:\Users\MAHESH\OneDrive\Documents\ML\projects\Emotion_recognition\Audio_Speech_Actors_01-24_16k\Actor_17\03-01-07-02-01-02-17.wav,17,disgust,6
C:\Users\MAHESH\OneDrive\Documents\ML\projects\Emotion_recognition\Audio_Speech_Actors_01-24_16k\Actor_17\03-01-07-02-02-01-17.wav,17,disgust,6
C:\Users\MAHESH\OneDrive\Documents\ML\projects\Emotion_recognition\Audio_Speech_Actors_01-24_16k\Actor_17\03-01-07-02-02-02-17.wav,17,disgust,6
C:\Users\MAHESH\OneDrive\Documents\ML\projects\Emotion_recognition\Audio_Speech_Actors_01-24_16k\Actor_17\03-01-08-01-01-01-17.wav,17,surprised,7
C:\Users\MAHESH\OneDrive\Documents\ML\projects\Emotion_recognition\Audio_Speech_Actors_01-24_16k\Actor_17\03-01-08-01-01-02-17.wav,17,surprised,7
C:\Users\MAHESH\OneDrive\Documents\ML\projects\Emotion_recognition\Audio_Speech_Actors_01-24_16k\Actor_17\03-01-08-01-02-01-17.wav,17,surprised,7
C:\Users\MAHESH\OneDrive\Documents\ML\projects\Emotion_recognition\Audio_Speech_Actors_01-24_16k\Actor_17\03-01-08-01-02-02-17.wav,17,surprised,7
C:\Users\MAHESH\OneDrive\Documents\ML\projects\Emotion_recognition\Audio_Speech_Actors_01-24_16k\Actor_17\03-01-08-02-01-01-17.wav,17,surprised,7
C:\Users\MAHESH\OneDrive\Documents\ML\projects\Emotion_recognition\Audio_Speech_Actors_01-24_16k\Actor_17\03-01-08-02-01-02-17.wav,17,surprised,7
C:\Users\MAHESH\OneDrive\Documents\ML\projects\Emotion_recognition\Audio_Speech_Actors_01-24_16k\Actor_17\03-01-08-02-02-01-17.wav,17,surprised,7
C:\Users\MAHESH\OneDrive\Documents\ML\projects\Emotion_recognition\Audio_Speech_Actors_01-24_16k\Actor_17\03-01-08-02-02-02-17.wav,17,surprised,7
C:\Users\MAHESH\OneDrive\Documents\ML\projects\Emotion_recognition\Audio_Speech_Actors_01-24_16k\Actor_18\03-01-01-01-01-01-18.wav,18,neutral,0
C:\Users\MAHESH\OneDrive\Documents\ML\projects\Emotion_recognition\Audio_Speech_Actors_01-24_16k\Actor_18\03-01-01-01-01-02-18.wav,18,neutral,0
C:\Users\MAHESH\OneDrive\Documents\ML\projects\Emotion_recognition\Audio_Speech_Actors_01-24_16k\Actor_18\03-01-01-01-02-01-18.wav,18,neutral,0
C:\Users\MAHESH\OneDrive\Documents\ML\projects\Emotion_recognition\Audio_Speech_Actors_01-24_16k\Actor_18\03-01-01-01-02-02-18.wav,18,neutral,0
C:\Users\MAHESH\OneDrive\Documents\ML\projects\Emotion_recognition\Audio_Speech_Actors_01-24_16k\Actor_18\03-01-02-01-01-01-18.wav,18,calm,1
C:\Users\MAHESH\OneDrive\Documents\ML\projects\Emotion_recognition\Audio_Speech_Actors_01-24_16k\Actor_18\03-01-02-01-01-02-18.wav,18,calm,1
C:\Users\MAHESH\OneDrive\Documents\ML\projects\Emotion_recognition\Audio_Speech_Actors_01-24_16k\Actor_18\03-01-02-01-02-01-18.wav,18,calm,1
C:\Users\MAHESH\OneDrive\Documents\ML\projects\Emotion_recognition\Audio_Speech_Actors_01-24_16k\Actor_18\03-01-02-01-02-02-18.wav,18,calm,1
C:\Users\MAHESH\OneDrive\Documents\ML\projects\Emotion_recognition\Audio_Speech_Actors_01-24_16k\Actor_18\03-01-02-02-01-01-18.wav,18,calm,1
C:\Users\MAHESH\OneDrive\Documents\ML\projects\Emotion_recognition\Audio_Speech_Actors_01-24_16k\Actor_18\03-01-02-02-01-02-18.wav,18,calm,1
C:\Users\MAHESH\OneDrive\Documents\ML\projects\Emotion_recognition\Audio_Speech_Actors_01-24_16k\Actor_18\03-01-02-02-02-01-18.wav,18,calm,1
C:\Users\MAHESH\OneDrive\Documents\ML\projects\Emotion_recognition\Audio_Speech_Actors_01-24_16k\Actor_18\03-01-02-02-02-02-18.wav,18,calm,1
C:\Users\MAHESH\OneDrive\Documents\ML\projects\Emotion_recognition\Audio_Speech_Actors_01-24_16k\Actor_18\03-01-03-01-01-01-18.wav,18,happy,2
C:\Users\MAHESH\OneDrive\Documents\ML\projects\Emotion_recognition\Audio_Speech_Actors_01-24_16k\Actor_18\03-01-03-01-01-02-18.wav,18,happy,2
C:\Users\MAHESH\OneDrive\Documents\ML\projects\Emotion_recognition\Audio_Speech_Actors_01-24_16k\Actor_18\03-01-03-01-02-01-18.wav,18,happy,2
C:\Users\MAHESH\OneDrive\Documents\ML\projects\Emotion_recognition\Audio_Speech_Actors_01-24_16k\Actor_18\03-01-03-01-02-02-18.wav,18,happy,2
C:\Users\MAHESH\OneDrive\Documents\ML\projects\Emotion_recognition\Audio_Speech_Actors_01-24_16k\Actor_18\03-01-03-02-01-01-18.wav,18,happy,2
C:\Users\MAHESH\OneDrive\Documents\ML\projects\Emotion_recognition\Audio_Speech_Actors_01-24_16k\Actor_18\03-01-03-02-01-02-18.wav,18,happy,2
C:\Users\MAHESH\OneDrive\Documents\ML\projects\Emotion_recognition\Audio_Speech_Actors_01-24_16k\Actor_18\03-01-03-02-02-01-18.wav,18,happy,2
C:\Users\MAHESH\OneDrive\Documents\ML\projects\Emotion_recognition\Audio_Speech_Actors_01-24_16k\Actor_18\03-01-03-02-02-02-18.wav,18,happy,2
C:\Users\MAHESH\OneDrive\Documents\ML\projects\Emotion_recognition\Audio_Speech_Actors_01-24_16k\Actor_18\03-01-04-01-01-01-18.wav,18,sad,3
C:\Users\MAHESH\OneDrive\Documents\ML\projects\Emotion_recognition\Audio_Speech_Actors_01-24_16k\Actor_18\03-01-04-01-01-02-18.wav,18,sad,3
C:\Users\MAHESH\OneDrive\Documents\ML\projects\Emotion_recognition\Audio_Speech_Actors_01-24_16k\Actor_18\03-01-04-01-02-01-18.wav,18,sad,3
C:\Users\MAHESH\OneDrive\Documents\ML\projects\Emotion_recognition\Audio_Speech_Actors_01-24_16k\Actor_18\03-01-04-01-02-02-18.wav,18,sad,3
C:\Users\MAHESH\OneDrive\Documents\ML\projects\Emotion_recognition\Audio_Speech_Actors_01-24_16k\Actor_18\03-01-04-02-01-01-18.wav,18,sad,3
C:\Users\MAHESH\OneDrive\Documents\ML\projects\Emotion_recognition\Audio_Speech_Actors_01-24_16k\Actor_18\03-01-04-02-01-02-18.wav,18,sad,3
C:\Users\MAHESH\OneDrive\Documents\ML\projects\Emotion_recognition\Audio_Speech_Actors_01-24_16k\Actor_18\03-01-04-02-02-01-18.wav,18,sad,3
C:\Users\MAHESH\OneDrive\Documents\ML\projects\Emotion_recognition\Audio_Speech_Actors_01-24_16k\Actor_18\03-01-04-02-02-02-18.wav,18,sad,3
C:\Users\MAHESH\OneDrive\Documents\ML\projects\Emotion_recognition\Audio_Speech_Actors_01-24_16k\Actor_18\03-01-05-01-01-01-18.wav,18,angry,4
C:\Users\MAHESH\OneDrive\Documents\ML\projects\Emotion_recognition\Audio_Speech_Actors_01-24_16k\Actor_18\03-01-05-01-01-02-18.wav,18,angry,4
C:\Users\MAHESH\OneDrive\Documents\ML\projects\Emotion_recognition\Audio_Speech_Actors_01-24_16k\Actor_18\03-01-05-01-02-01-18.wav,18,angry,4
C:\Users\MAHESH\OneDrive\Documents\ML\projects\Emotion_recognition\Audio_Speech_Actors_01-24_16k\Actor_18\03-01-05-01-02-02-18.wav,18,angry,4
C:\Users\MAHESH\OneDrive\Documents\ML\projects\Emotion_recognition\Audio_Speech_Actors_01-24_16k\Actor_18\03-01-05-02-01-01-18.wav,18,angry,4
C:\Users\MAHESH\OneDrive\Documents\ML\projects\Emotion_recognition\Audio_Speech_Actors_01-24_16k\Actor_18\03-01-05-02-01-02-18.wav,18,angry,4
C:\Users\MAHESH\OneDrive\Documents\ML\projects\Emotion_recognition\Audio_Speech_Actors_01-24_16k\Actor_18\03-01-05-02-02-01-18.wav,18,angry,4
C:\Users\MAHESH\OneDrive\Documents\ML\projects\Emotion_recognition\Audio_Speech_Actors_01-24_16k\Actor_18\03-01-05-02-02-02-18.wav,18,angry,4
C:\Users\MAHESH\OneDrive\Documents\ML\projects\Emotion_recognition\Audio_Speech_Actors_01-24_16k\Actor_18\03-01-06-01-01-01-18.wav,18,fearful,5
C:\Users\MAHESH\OneDrive\Documents\ML\projects\Emotion_recognition\Audio_Speech_Actors_01-24_16k\Actor_18\03-01-06-01-01-02-18.wav,18,fearful,5
C:\Users\MAHESH\OneDrive\Documents\ML\projects\Emotion_recognition\Audio_Speech_Actors_01-24_16k\Actor_18\03-01-06-01-02-01-18.wav,18,fearful,5
C:\Users\MAHESH\OneDrive\Documents\ML\projects\Emotion_recognition\Audio_Speech_Actors_01-24_16k\Actor_18\03-01-06-01-02-02-18.wav,18,fearful,5
C:\Users\MAHESH\OneDrive\Documents\ML\projects\Emotion_recognition\Audio_Speech_Actors_01-24_16k\Actor_18\03-01-06-02-01-01-18.wav,18,fearful,5
C:\Users\MAHESH\OneDrive\Documents\ML\projects\Emotion_recognition\Audio_Speech_Actors_01-24_16k\Actor_18\03-01-06-02-01-02-18.wav,18,fearful,5
C:\Users\MAHESH\OneDrive\Documents\ML\projects\Emotion_recognition\Audio_Speech_Actors_01-24_16k\Actor_18\03-01-06-02-02-01-18.wav,18,fearful,5
C:\Users\MAHESH\OneDrive\Documents\ML\projects\Emotion_recognition\Audio_Speech_Actors_01-24_16k\Actor_18\03-01-06-02-02-02-18.wav,18,fearful,5
C:\Users\MAHESH\OneDrive\Documents\ML\projects\Emotion_recognition\Audio_Speech_Actors_01-24_16k\Actor_18\03-01-07-01-01-01-18.wav,18,disgust,6
C:\Users\MAHESH\OneDrive\Documents\ML\projects\Emotion_recognition\Audio_Speech_Actors_01-24_16k\Actor_18\03-01-07-01-01-02-18.wav,18,disgust,6
C:\Users\MAHESH\OneDrive\Documents\ML\projects\Emotion_recognition\Audio_Speech_Actors_01-24_16k\Actor_18\03-01-07-01-02-01-18.wav,18,disgust,6
C:\Users\MAHESH\OneDrive\Documents\ML\projects\Emotion_recognition\Audio_Speech_Actors_01-24_16k\Actor_18\03-01-07-01-02-02-18.wav,18,disgust,6
C:\Users\MAHESH\OneDrive\Documents\ML\projects\Emotion_recognition\Audio_Speech_Actors_01-24_16k\Actor_18\03-01-07-02-01-01-18.wav,18,disgust,6
C:\Users\MAHESH\OneDrive\Documents\ML\projects\Emotion_recognition\Audio_Speech_Actors_01-24_16k\Actor_18\03-01-07-02-01-02-18.wav,18,disgust,6
C:\Users\MAHESH\OneDrive\Documents\ML\projects\Emotion_recognition\Audio_Speech_Actors_01-24_16k\Actor_18\03-01-07-02-02-01-18.wav,18,disgust,6
C:\Users\MAHESH\OneDrive\Documents\ML\projects\Emotion_recognition\Audio_Speech_Actors_01-24_16k\Actor_18\03-01-07-02-02-02-18.wav,18,disgust,6
C:\Users\MAHESH\OneDrive\Documents\ML\projects\Emotion_recognition\Audio_Speech_Actors_01-24_16k\Actor_18\03-01-08-01-01-01-18.wav,18,surprised,7
C:\Users\MAHESH\OneDrive\Documents\ML\projects\Emotion_recognition\Audio_Speech_Actors_01-24_16k\Actor_18\03-01-08-01-01-02-18.wav,18,surprised,7
C:\Users\MAHESH\OneDrive\Documents\ML\projects\Emotion_recognition\Audio_Speech_Actors_01-24_16k\Actor_18\03-01-08-01-02-01-18.wav,18,surprised,7
C:\Users\MAHESH\OneDrive\Documents\ML\projects\Emotion_recognition\Audio_Speech_Actors_01-24_16k\Actor_18\03-01-08-01-02-02-18.wav,18,surprised,7
C:\Users\MAHESH\OneDrive\Documents\ML\projects\Emotion_recognition\Audio_Speech_Actors_01-24_16k\Actor_18\03-01-08-02-01-01-18.wav,18,surprised,7
C:\Users\MAHESH\OneDrive\Documents\ML\projects\Emotion_recognition\Audio_Speech_Actors_01-24_16k\Actor_18\03-01-08-02-01-02-18.wav,18,surprised,7
C:\Users\MAHESH\OneDrive\Documents\ML\projects\Emotion_recognition\Audio_Speech_Actors_01-24_16k\Actor_18\03-01-08-02-02-01-18.wav,18,surprised,7
C:\Users\MAHESH\OneDrive\Documents\ML\projects\Emotion_recognition\Audio_Speech_Actors_01-24_16k\Actor_18\03-01-08-02-02-02-18.wav,18,surprised,7
C:\Users\MAHESH\OneDrive\Documents\ML\projects\Emotion_recognition\Audio_Speech_Actors_01-24_16k\Actor_19\03-01-01-01-01-01-19.wav,19,neutral,0
C:\Users\MAHESH\OneDrive\Documents\ML\projects\Emotion_recognition\Audio_Speech_Actors_01-24_16k\Actor_19\03-01-01-01-01-02-19.wav,19,neutral,0
C:\Users\MAHESH\OneDrive\Documents\ML\projects\Emotion_recognition\Audio_Speech_Actors_01-24_16k\Actor_19\03-01-01-01-02-01-19.wav,19,neutral,0
C:\Users\MAHESH\OneDrive\Documents\ML\projects\Emotion_recognition\Audio_Speech_Actors_01-24_16k\Actor_19\03-01-01-01-02-02-19.wav,19,neutral,0
C:\Users\MAHESH\OneDrive\Documents\ML\projects\Emotion_recognition\Audio_Speech_Actors_01-24_16k\Actor_19\03-01-02-01-01-01-19.wav,19,calm,1
C:\Users\MAHESH\OneDrive\Documents\ML\projects\Emotion_recognition\Audio_Speech_Actors_01-24_16k\Actor_19\03-01-02-01-01-02-19.wav,19,calm,1
C:\Users\MAHESH\OneDrive\Documents\ML\projects\Emotion_recognition\Audio_Speech_Actors_01-24_16k\Actor_19\03-01-02-01-02-01-19.wav,19,calm,1
C:\Users\MAHESH\OneDrive\Documents\ML\projects\Emotion_recognition\Audio_Speech_Actors_01-24_16k\Actor_19\03-01-02-01-02-02-19.wav,19,calm,1
C:\Users\MAHESH\OneDrive\Documents\ML\projects\Emotion_recognition\Audio_Speech_Actors_01-24_16k\Actor_19\03-01-02-02-01-01-19.wav,19,calm,1
C:\Users\MAHESH\OneDrive\Documents\ML\projects\Emotion_recognition\Audio_Speech_Actors_01-24_16k\Actor_19\03-01-02-02-01-02-19.wav,19,calm,1
C:\Users\MAHESH\OneDrive\Documents\ML\projects\Emotion_recognition\Audio_Speech_Actors_01-24_16k\Actor_19\03-01-02-02-02-01-19.wav,19,calm,1
C:\Users\MAHESH\OneDrive\Documents\ML\projects\Emotion_recognition\Audio_Speech_Actors_01-24_16k\Actor_19\03-01-02-02-02-02-19.wav,19,calm,1
C:\Users\MAHESH\OneDrive\Documents\ML\projects\Emotion_recognition\Audio_Speech_Actors_01-24_16k\Actor_19\03-01-03-01-01-01-19.wav,19,happy,2
C:\Users\MAHESH\OneDrive\Documents\ML\projects\Emotion_recognition\Audio_Speech_Actors_01-24_16k\Actor_19\03-01-03-01-01-02-19.wav,19,happy,2
C:\Users\MAHESH\OneDrive\Documents\ML\projects\Emotion_recognition\Audio_Speech_Actors_01-24_16k\Actor_19\03-01-03-01-02-01-19.wav,19,happy,2
C:\Users\MAHESH\OneDrive\Documents\ML\projects\Emotion_recognition\Audio_Speech_Actors_01-24_16k\Actor_19\03-01-03-01-02-02-19.wav,19,happy,2
C:\Users\MAHESH\OneDrive\Documents\ML\projects\Emotion_recognition\Audio_Speech_Actors_01-24_16k\Actor_19\03-01-03-02-01-01-19.wav,19,happy,2
C:\Users\MAHESH\OneDrive\Documents\ML\projects\Emotion_recognition\Audio_Speech_Actors_01-24_16k\Actor_19\03-01-03-02-01-02-19.wav,19,happy,2
C:\Users\MAHESH\OneDrive\Documents\ML\projects\Emotion_recognition\Audio_Speech_Actors_01-24_16k\Actor_19\03-01-03-02-02-01-19.wav,19,happy,2
C:\Users\MAHESH\OneDrive\Documents\ML\projects\Emotion_recognition\Audio_Speech_Actors_01-24_16k\Actor_19\03-01-03-02-02-02-19.wav,19,happy,2
C:\Users\MAHESH\OneDrive\Documents\ML\projects\Emotion_recognition\Audio_Speech_Actors_01-24_16k\Actor_19\03-01-04-01-01-01-19.wav,19,sad,3
C:\Users\MAHESH\OneDrive\Documents\ML\projects\Emotion_recognition\Audio_Speech_Actors_01-24_16k\Actor_19\03-01-04-01-01-02-19.wav,19,sad,3
C:\Users\MAHESH\OneDrive\Documents\ML\projects\Emotion_recognition\Audio_Speech_Actors_01-24_16k\Actor_19\03-01-04-01-02-01-19.wav,19,sad,3
C:\Users\MAHESH\OneDrive\Documents\ML\projects\Emotion_recognition\Audio_Speech_Actors_01-24_16k\Actor_19\03-01-04-01-02-02-19.wav,19,sad,3
C:\Users\MAHESH\OneDrive\Documents\ML\projects\Emotion_recognition\Audio_Speech_Actors_01-24_16k\Actor_19\03-01-04-02-01-01-19.wav,19,sad,3
C:\Users\MAHESH\OneDrive\Documents\ML\projects\Emotion_recognition\Audio_Speech_Actors_01-24_16k\Actor_19\03-01-04-02-01-02-19.wav,19,sad,3
C:\Users\MAHESH\OneDrive\Documents\ML\projects\Emotion_recognition\Audio_Speech_Actors_01-24_16k\Actor_19\03-01-04-02-02-01-19.wav,19,sad,3
C:\Users\MAHESH\OneDrive\Documents\ML\projects\Emotion_recognition\Audio_Speech_Actors_01-24_16k\Actor_19\03-01-04-02-02-02-19.wav,19,sad,3
C:\Users\MAHESH\OneDrive\Documents\ML\projects\Emotion_recognition\Audio_Speech_Actors_01-24_16k\Actor_19\03-01-05-01-01-01-19.wav,19,angry,4
C:\Users\MAHESH\OneDrive\Documents\ML\projects\Emotion_recognition\Audio_Speech_Actors_01-24_16k\Actor_19\03-01-05-01-01-02-19.wav,19,angry,4
C:\Users\MAHESH\OneDrive\Documents\ML\projects\Emotion_recognition\Audio_Speech_Actors_01-24_16k\Actor_19\03-01-05-01-02-01-19.wav,19,angry,4
C:\Users\MAHESH\OneDrive\Documents\ML\projects\Emotion_recognition\Audio_Speech_Actors_01-24_16k\Actor_19\03-01-05-01-02-02-19.wav,19,angry,4
C:\Users\MAHESH\OneDrive\Documents\ML\projects\Emotion_recognition\Audio_Speech_Actors_01-24_16k\Actor_19\03-01-05-02-01-01-19.wav,19,angry,4
C:\Users\MAHESH\OneDrive\Documents\ML\projects\Emotion_recognition\Audio_Speech_Actors_01-24_16k\Actor_19\03-01-05-02-01-02-19.wav,19,angry,4
C:\Users\MAHESH\OneDrive\Documents\ML\projects\Emotion_recognition\Audio_Speech_Actors_01-24_16k\Actor_19\03-01-05-02-02-01-19.wav,19,angry,4
C:\Users\MAHESH\OneDrive\Documents\ML\projects\Emotion_recognition\Audio_Speech_Actors_01-24_16k\Actor_19\03-01-05-02-02-02-19.wav,19,angry,4
C:\Users\MAHESH\OneDrive\Documents\ML\projects\Emotion_recognition\Audio_Speech_Actors_01-24_16k\Actor_19\03-01-06-01-01-01-19.wav,19,fearful,5
C:\Users\MAHESH\OneDrive\Documents\ML\projects\Emotion_recognition\Audio_Speech_Actors_01-24_16k\Actor_19\03-01-06-01-01-02-19.wav,19,fearful,5
C:\Users\MAHESH\OneDrive\Documents\ML\projects\Emotion_recognition\Audio_Speech_Actors_01-24_16k\Actor_19\03-01-06-01-02-01-19.wav,19,fearful,5
C:\Users\MAHESH\OneDrive\Documents\ML\projects\Emotion_recognition\Audio_Speech_Actors_01-24_16k\Actor_19\03-01-06-01-02-02-19.wav,19,fearful,5
C:\Users\MAHESH\OneDrive\Documents\ML\projects\Emotion_recognition\Audio_Speech_Actors_01-24_16k\Actor_19\03-01-06-02-01-01-19.wav,19,fearful,5
C:\Users\MAHESH\OneDrive\Documents\ML\projects\Emotion_recognition\Audio_Speech_Actors_01-24_16k\Actor_19\03-01-06-02-01-02-19.wav,19,fearful,5
C:\Users\MAHESH\OneDrive\Documents\ML\projects\Emotion_recognition\Audio_Speech_Actors_01-24_16k\Actor_19\03-01-06-02-02-01-19.wav,19,fearful,5
C:\Users\MAHESH\OneDrive\Documents\ML\projects\Emotion_recognition\Audio_Speech_Actors_01-24_16k\Actor_19\03-01-06-02-02-02-19.wav,19,fearful,5
C:\Users\MAHESH\OneDrive\Documents\ML\projects\Emotion_recognition\Audio_Speech_Actors_01-24_16k\Actor_19\03-01-07-01-01-01-19.wav,19,disgust,6
C:\Users\MAHESH\OneDrive\Documents\ML\projects\Emotion_recognition\Audio_Speech_Actors_01-24_16k\Actor_19\03-01-07-01-01-02-19.wav,19,disgust,6
C:\Users\MAHESH\OneDrive\Documents\ML\projects\Emotion_recognition\Audio_Speech_Actors_01-24_16k\Actor_19\03-01-07-01-02-01-19.wav,19,disgust,6
C:\Users\MAHESH\OneDrive\Documents\ML\projects\Emotion_recognition\Audio_Speech_Actors_01-24_16k\Actor_19\03-01-07-01-02-02-19.wav,19,disgust,6
C:\Users\MAHESH\OneDrive\Documents\ML\projects\Emotion_recognition\Audio_Speech_Actors_01-24_16k\Actor_19\03-01-07-02-01-01-19.wav,19,disgust,6
C:\Users\MAHESH\OneDrive\Documents\ML\projects\Emotion_recognition\Audio_Speech_Actors_01-24_16k\Actor_19\03-01-07-02-01-02-19.wav,19,disgust,6
C:\Users\MAHESH\OneDrive\Documents\ML\projects\Emotion_recognition\Audio_Speech_Actors_01-24_16k\Actor_19\03-01-07-02-02-01-19.wav,19,disgust,6
C:\Users\MAHESH\OneDrive\Documents\ML\projects\Emotion_recognition\Audio_Speech_Actors_01-24_16k\Actor_19\03-01-07-02-02-02-19.wav,19,disgust,6
C:\Users\MAHESH\OneDrive\Documents\ML\projects\Emotion_recognition\Audio_Speech_Actors_01-24_16k\Actor_19\03-01-08-01-01-01-19.wav,19,surprised,7
C:\Users\MAHESH\OneDrive\Documents\ML\projects\Emotion_recognition\Audio_Speech_Actors_01-24_16k\Actor_19\03-01-08-01-01-02-19.wav,19,surprised,7
C:\Users\MAHESH\OneDrive\Documents\ML\projects\Emotion_recognition\Audio_Speech_Actors_01-24_16k\Actor_19\03-01-08-01-02-01-19.wav,19,surprised,7
C:\Users\MAHESH\OneDrive\Documents\ML\projects\Emotion_recognition\Audio_Speech_Actors_01-24_16k\Actor_19\03-01-08-01-02-02-19.wav,19,surprised,7
C:\Users\MAHESH\OneDrive\Documents\ML\projects\Emotion_recognition\Audio_Speech_Actors_01-24_16k\Actor_19\03-01-08-02-01-01-19.wav,19,surprised,7
C:\Users\MAHESH\OneDrive\Documents\ML\projects\Emotion_recognition\Audio_Speech_Actors_01-24_16k\Actor_19\03-01-08-02-01-02-19.wav,19,surprised,7
C:\Users\MAHESH\OneDrive\Documents\ML\projects\Emotion_recognition\Audio_Speech_Actors_01-24_16k\Actor_19\03-01-08-02-02-01-19.wav,19,surprised,7
C:\Users\MAHESH\OneDrive\Documents\ML\projects\Emotion_recognition\Audio_Speech_Actors_01-24_16k\Actor_19\03-01-08-02-02-02-19.wav,19,surprised,7
C:\Users\MAHESH\OneDrive\Documents\ML\projects\Emotion_recognition\Audio_Speech_Actors_01-24_16k\Actor_20\03-01-01-01-01-01-20.wav,20,neutral,0
C:\Users\MAHESH\OneDrive\Documents\ML\projects\Emotion_recognition\Audio_Speech_Actors_01-24_16k\Actor_20\03-01-01-01-01-02-20.wav,20,neutral,0
C:\Users\MAHESH\OneDrive\Documents\ML\projects\Emotion_recognition\Audio_Speech_Actors_01-24_16k\Actor_20\03-01-01-01-02-01-20.wav,20,neutral,0
C:\Users\MAHESH\OneDrive\Documents\ML\projects\Emotion_recognition\Audio_Speech_Actors_01-24_16k\Actor_20\03-01-01-01-02-02-20.wav,20,neutral,0
C:\Users\MAHESH\OneDrive\Documents\ML\projects\Emotion_recognition\Audio_Speech_Actors_01-24_16k\Actor_20\03-01-02-01-01-01-20.wav,20,calm,1
C:\Users\MAHESH\OneDrive\Documents\ML\projects\Emotion_recognition\Audio_Speech_Actors_01-24_16k\Actor_20\03-01-02-01-01-02-20.wav,20,calm,1
C:\Users\MAHESH\OneDrive\Documents\ML\projects\Emotion_recognition\Audio_Speech_Actors_01-24_16k\Actor_20\03-01-02-01-02-01-20.wav,20,calm,1
C:\Users\MAHESH\OneDrive\Documents\ML\projects\Emotion_recognition\Audio_Speech_Actors_01-24_16k\Actor_20\03-01-02-01-02-02-20.wav,20,calm,1
C:\Users\MAHESH\OneDrive\Documents\ML\projects\Emotion_recognition\Audio_Speech_Actors_01-24_16k\Actor_20\03-01-02-02-01-01-20.wav,20,calm,1
C:\Users\MAHESH\OneDrive\Documents\ML\projects\Emotion_recognition\Audio_Speech_Actors_01-24_16k\Actor_20\03-01-02-02-01-02-20.wav,20,calm,1
C:\Users\MAHESH\OneDrive\Documents\ML\projects\Emotion_recognition\Audio_Speech_Actors_01-24_16k\Actor_20\03-01-02-02-02-01-20.wav,20,calm,1
C:\Users\MAHESH\OneDrive\Documents\ML\projects\Emotion_recognition\Audio_Speech_Actors_01-24_16k\Actor_20\03-01-02-02-02-02-20.wav,20,calm,1
C:\Users\MAHESH\OneDrive\Documents\ML\projects\Emotion_recognition\Audio_Speech_Actors_01-24_16k\Actor_20\03-01-03-01-01-01-20.wav,20,happy,2
C:\Users\MAHESH\OneDrive\Documents\ML\projects\Emotion_recognition\Audio_Speech_Actors_01-24_16k\Actor_20\03-01-03-01-01-02-20.wav,20,happy,2
C:\Users\MAHESH\OneDrive\Documents\ML\projects\Emotion_recognition\Audio_Speech_Actors_01-24_16k\Actor_20\03-01-03-01-02-01-20.wav,20,happy,2
C:\Users\MAHESH\OneDrive\Documents\ML\projects\Emotion_recognition\Audio_Speech_Actors_01-24_16k\Actor_20\03-01-03-01-02-02-20.wav,20,happy,2
C:\Users\MAHESH\OneDrive\Documents\ML\projects\Emotion_recognition\Audio_Speech_Actors_01-24_16k\Actor_20\03-01-03-02-01-01-20.wav,20,happy,2
C:\Users\MAHESH\OneDrive\Documents\ML\projects\Emotion_recognition\Audio_Speech_Actors_01-24_16k\Actor_20\03-01-03-02-01-02-20.wav,20,happy,2
C:\Users\MAHESH\OneDrive\Documents\ML\projects\Emotion_recognition\Audio_Speech_Actors_01-24_16k\Actor_20\03-01-03-02-02-01-20.wav,20,happy,2
C:\Users\MAHESH\OneDrive\Documents\ML\projects\Emotion_recognition\Audio_Speech_Actors_01-24_16k\Actor_20\03-01-03-02-02-02-20.wav,20,happy,2
C:\Users\MAHESH\OneDrive\Documents\ML\projects\Emotion_recognition\Audio_Speech_Actors_01-24_16k\Actor_20\03-01-04-01-01-01-20.wav,20,sad,3
C:\Users\MAHESH\OneDrive\Documents\ML\projects\Emotion_recognition\Audio_Speech_Actors_01-24_16k\Actor_20\03-01-04-01-01-02-20.wav,20,sad,3
C:\Users\MAHESH\OneDrive\Documents\ML\projects\Emotion_recognition\Audio_Speech_Actors_01-24_16k\Actor_20\03-01-04-01-02-01-20.wav,20,sad,3
C:\Users\MAHESH\OneDrive\Documents\ML\projects\Emotion_recognition\Audio_Speech_Actors_01-24_16k\Actor_20\03-01-04-01-02-02-20.wav,20,sad,3
C:\Users\MAHESH\OneDrive\Documents\ML\projects\Emotion_recognition\Audio_Speech_Actors_01-24_16k\Actor_20\03-01-04-02-01-01-20.wav,20,sad,3
C:\Users\MAHESH\OneDrive\Documents\ML\projects\Emotion_recognition\Audio_Speech_Actors_01-24_16k\Actor_20\03-01-04-02-01-02-20.wav,20,sad,3
C:\Users\MAHESH\OneDrive\Documents\ML\projects\Emotion_recognition\Audio_Speech_Actors_01-24_16k\Actor_20\03-01-04-02-02-01-20.wav,20,sad,3
C:\Users\MAHESH\OneDrive\Documents\ML\projects\Emotion_recognition\Audio_Speech_Actors_01-24_16k\Actor_20\03-01-04-02-02-02-20.wav,20,sad,3
C:\Users\MAHESH\OneDrive\Documents\ML\projects\Emotion_recognition\Audio_Speech_Actors_01-24_16k\Actor_20\03-01-05-01-01-01-20.wav,20,angry,4
C:\Users\MAHESH\OneDrive\Documents\ML\projects\Emotion_recognition\Audio_Speech_Actors_01-24_16k\Actor_20\03-01-05-01-01-02-20.wav,20,angry,4
C:\Users\MAHESH\OneDrive\Documents\ML\projects\Emotion_recognition\Audio_Speech_Actors_01-24_16k\Actor_20\03-01-05-01-02-01-20.wav,20,angry,4
C:\Users\MAHESH\OneDrive\Documents\ML\projects\Emotion_recognition\Audio_Speech_Actors_01-24_16k\Actor_20\03-01-05-01-02-02-20.wav,20,angry,4
C:\Users\MAHESH\OneDrive\Documents\ML\projects\Emotion_recognition\Audio_Speech_Actors_01-24_16k\Actor_20\03-01-05-02-01-01-20.wav,20,angry,4
C:\Users\MAHESH\OneDrive\Documents\ML\projects\Emotion_recognition\Audio_Speech_Actors_01-24_16k\Actor_20\03-01-05-02-01-02-20.wav,20,angry,4
C:\Users\MAHESH\OneDrive\Documents\ML\projects\Emotion_recognition\Audio_Speech_Actors_01-24_16k\Actor_20\03-01-05-02-02-01-20.wav,20,angry,4
C:\Users\MAHESH\OneDrive\Documents\ML\projects\Emotion_recognition\Audio_Speech_Actors_01-24_16k\Actor_20\03-01-05-02-02-02-20.wav,20,angry,4
C:\Users\MAHESH\OneDrive\Documents\ML\projects\Emotion_recognition\Audio_Speech_Actors_01-24_16k\Actor_20\03-01-06-01-01-01-20.wav,20,fearful,5
C:\Users\MAHESH\OneDrive\Documents\ML\projects\Emotion_recognition\Audio_Speech_Actors_01-24_16k\Actor_20\03-01-06-01-01-02-20.wav,20,fearful,5
C:\Users\MAHESH\OneDrive\Documents\ML\projects\Emotion_recognition\Audio_Speech_Actors_01-24_16k\Actor_20\03-01-06-01-02-01-20.wav,20,fearful,5
C:\Users\MAHESH\OneDrive\Documents\ML\projects\Emotion_recognition\Audio_Speech_Actors_01-24_16k\Actor_20\03-01-06-01-02-02-20.wav,20,fearful,5
C:\Users\MAHESH\OneDrive\Documents\ML\projects\Emotion_recognition\Audio_Speech_Actors_01-24_16k\Actor_20\03-01-06-02-01-01-20.wav,20,fearful,5
C:\Users\MAHESH\OneDrive\Documents\ML\projects\Emotion_recognition\Audio_Speech_Actors_01-24_16k\Actor_20\03-01-06-02-01-02-20.wav,20,fearful,5
C:\Users\MAHESH\OneDrive\Documents\ML\projects\Emotion_recognition\Audio_Speech_Actors_01-24_16k\Actor_20\03-01-06-02-02-01-20.wav,20,fearful,5
C:\Users\MAHESH\OneDrive\Documents\ML\projects\Emotion_recognition\Audio_Speech_Actors_01-24_16k\Actor_20\03-01-06-02-02-02-20.wav,20,fearful,5
C:\Users\MAHESH\OneDrive\Documents\ML\projects\Emotion_recognition\Audio_Speech_Actors_01-24_16k\Actor_20\03-01-07-01-01-01-20.wav,20,disgust,6
C:\Users\MAHESH\OneDrive\Documents\ML\projects\Emotion_recognition\Audio_Speech_Actors_01-24_16k\Actor_20\03-01-07-01-01-02-20.wav,20,disgust,6
C:\Users\MAHESH\OneDrive\Documents\ML\projects\Emotion_recognition\Audio_Speech_Actors_01-24_16k\Actor_20\03-01-07-01-02-01-20.wav,20,disgust,6
C:\Users\MAHESH\OneDrive\Documents\ML\projects\Emotion_recognition\Audio_Speech_Actors_01-24_16k\Actor_20\03-01-07-01-02-02-20.wav,20,disgust,6
C:\Users\MAHESH\OneDrive\Documents\ML\projects\Emotion_recognition\Audio_Speech_Actors_01-24_16k\Actor_20\03-01-07-02-01-01-20.wav,20,disgust,6
C:\Users\MAHESH\OneDrive\Documents\ML\projects\Emotion_recognition\Audio_Speech_Actors_01-24_16k\Actor_20\03-01-07-02-01-02-20.wav,20,disgust,6
C:\Users\MAHESH\OneDrive\Documents\ML\projects\Emotion_recognition\Audio_Speech_Actors_01-24_16k\Actor_20\03-01-07-02-02-01-20.wav,20,disgust,6
C:\Users\MAHESH\OneDrive\Documents\ML\projects\Emotion_recognition\Audio_Speech_Actors_01-24_16k\Actor_20\03-01-07-02-02-02-20.wav,20,disgust,6
C:\Users\MAHESH\OneDrive\Documents\ML\projects\Emotion_recognition\Audio_Speech_Actors_01-24_16k\Actor_20\03-01-08-01-01-01-20.wav,20,surprised,7
C:\Users\MAHESH\OneDrive\Documents\ML\projects\Emotion_recognition\Audio_Speech_Actors_01-24_16k\Actor_20\03-01-08-01-01-02-20.wav,20,surprised,7
C:\Users\MAHESH\OneDrive\Documents\ML\projects\Emotion_recognition\Audio_Speech_Actors_01-24_16k\Actor_20\03-01-08-01-02-01-20.wav,20,surprised,7
C:\Users\MAHESH\OneDrive\Documents\ML\projects\Emotion_recognition\Audio_Speech_Actors_01-24_16k\Actor_20\03-01-08-01-02-02-20.wav,20,surprised,7
C:\Users\MAHESH\OneDrive\Documents\ML\projects\Emotion_recognition\Audio_Speech_Actors_01-24_16k\Actor_20\03-01-08-02-01-01-20.wav,20,surprised,7
C:\Users\MAHESH\OneDrive\Documents\ML\projects\Emotion_recognition\Audio_Speech_Actors_01-24_16k\Actor_20\03-01-08-02-01-02-20.wav,20,surprised,7
C:\Users\MAHESH\OneDrive\Documents\ML\projects\Emotion_recognition\Audio_Speech_Actors_01-24_16k\Actor_20\03-01-08-02-02-01-20.wav,20,surprised,7
C:\Users\MAHESH\OneDrive\Documents\ML\projects\Emotion_recognition\Audio_Speech_Actors_01-24_16k\Actor_20\03-01-08-02-02-02-20.wav,20,surprised,7
C:\Users\MAHESH\OneDrive\Documents\ML\projects\Emotion_recognition\Audio_Speech_Actors_01-24_16k\Actor_21\03-01-01-01-01-01-21.wav,21,neutral,0
C:\Users\MAHESH\OneDrive\Documents\ML\projects\Emotion_recognition\Audio_Speech_Actors_01-24_16k\Actor_21\03-01-01-01-01-02-21.wav,21,neutral,0
C:\Users\MAHESH\OneDrive\Documents\ML\projects\Emotion_recognition\Audio_Speech_Actors_01-24_16k\Actor_21\03-01-01-01-02-01-21.wav,21,neutral,0
C:\Users\MAHESH\OneDrive\Documents\ML\projects\Emotion_recognition\Audio_Speech_Actors_01-24_16k\Actor_21\03-01-01-01-02-02-21.wav,21,neutral,0
C:\Users\MAHESH\OneDrive\Documents\ML\projects\Emotion_recognition\Audio_Speech_Actors_01-24_16k\Actor_21\03-01-02-01-01-01-21.wav,21,calm,1
C:\Users\MAHESH\OneDrive\Documents\ML\projects\Emotion_recognition\Audio_Speech_Actors_01-24_16k\Actor_21\03-01-02-01-01-02-21.wav,21,calm,1
C:\Users\MAHESH\OneDrive\Documents\ML\projects\Emotion_recognition\Audio_Speech_Actors_01-24_16k\Actor_21\03-01-02-01-02-01-21.wav,21,calm,1
C:\Users\MAHESH\OneDrive\Documents\ML\projects\Emotion_recognition\Audio_Speech_Actors_01-24_16k\Actor_21\03-01-02-01-02-02-21.wav,21,calm,1
C:\Users\MAHESH\OneDrive\Documents\ML\projects\Emotion_recognition\Audio_Speech_Actors_01-24_16k\Actor_21\03-01-02-02-01-01-21.wav,21,calm,1
C:\Users\MAHESH\OneDrive\Documents\ML\projects\Emotion_recognition\Audio_Speech_Actors_01-24_16k\Actor_21\03-01-02-02-01-02-21.wav,21,calm,1
C:\Users\MAHESH\OneDrive\Documents\ML\projects\Emotion_recognition\Audio_Speech_Actors_01-24_16k\Actor_21\03-01-02-02-02-01-21.wav,21,calm,1
C:\Users\MAHESH\OneDrive\Documents\ML\projects\Emotion_recognition\Audio_Speech_Actors_01-24_16k\Actor_21\03-01-02-02-02-02-21.wav,21,calm,1
C:\Users\MAHESH\OneDrive\Documents\ML\projects\Emotion_recognition\Audio_Speech_Actors_01-24_16k\Actor_21\03-01-03-01-01-01-21.wav,21,happy,2
C:\Users\MAHESH\OneDrive\Documents\ML\projects\Emotion_recognition\Audio_Speech_Actors_01-24_16k\Actor_21\03-01-03-01-01-02-21.wav,21,happy,2
C:\Users\MAHESH\OneDrive\Documents\ML\projects\Emotion_recognition\Audio_Speech_Actors_01-24_16k\Actor_21\03-01-03-01-02-01-21.wav,21,happy,2
C:\Users\MAHESH\OneDrive\Documents\ML\projects\Emotion_recognition\Audio_Speech_Actors_01-24_16k\Actor_21\03-01-03-01-02-02-21.wav,21,happy,2
C:\Users\MAHESH\OneDrive\Documents\ML\projects\Emotion_recognition\Audio_Speech_Actors_01-24_16k\Actor_21\03-01-03-02-01-01-21.wav,21,happy,2
C:\Users\MAHESH\OneDrive\Documents\ML\projects\Emotion_recognition\Audio_Speech_Actors_01-24_16k\Actor_21\03-01-03-02-01-02-21.wav,21,happy,2
C:\Users\MAHESH\OneDrive\Documents\ML\projects\Emotion_recognition\Audio_Speech_Actors_01-24_16k\Actor_21\03-01-03-02-02-01-21.wav,21,happy,2
C:\Users\MAHESH\OneDrive\Documents\ML\projects\Emotion_recognition\Audio_Speech_Actors_01-24_16k\Actor_21\03-01-03-02-02-02-21.wav,21,happy,2
C:\Users\MAHESH\OneDrive\Documents\ML\projects\Emotion_recognition\Audio_Speech_Actors_01-24_16k\Actor_21\03-01-04-01-01-01-21.wav,21,sad,3
C:\Users\MAHESH\OneDrive\Documents\ML\projects\Emotion_recognition\Audio_Speech_Actors_01-24_16k\Actor_21\03-01-04-01-01-02-21.wav,21,sad,3
C:\Users\MAHESH\OneDrive\Documents\ML\projects\Emotion_recognition\Audio_Speech_Actors_01-24_16k\Actor_21\03-01-04-01-02-01-21.wav,21,sad,3
C:\Users\MAHESH\OneDrive\Documents\ML\projects\Emotion_recognition\Audio_Speech_Actors_01-24_16k\Actor_21\03-01-04-01-02-02-21.wav,21,sad,3
C:\Users\MAHESH\OneDrive\Documents\ML\projects\Emotion_recognition\Audio_Speech_Actors_01-24_16k\Actor_21\03-01-04-02-01-01-21.wav,21,sad,3
C:\Users\MAHESH\OneDrive\Documents\ML\projects\Emotion_recognition\Audio_Speech_Actors_01-24_16k\Actor_21\03-01-04-02-01-02-21.wav,21,sad,3
C:\Users\MAHESH\OneDrive\Documents\ML\projects\Emotion_recognition\Audio_Speech_Actors_01-24_16k\Actor_21\03-01-04-02-02-01-21.wav,21,sad,3
C:\Users\MAHESH\OneDrive\Documents\ML\projects\Emotion_recognition\Audio_Speech_Actors_01-24_16k\Actor_21\03-01-04-02-02-02-21.wav,21,sad,3
C:\Users\MAHESH\OneDrive\Documents\ML\projects\Emotion_recognition\Audio_Speech_Actors_01-24_16k\Actor_21\03-01-05-01-01-01-21.wav,21,angry,4
C:\Users\MAHESH\OneDrive\Documents\ML\projects\Emotion_recognition\Audio_Speech_Actors_01-24_16k\Actor_21\03-01-05-01-01-02-21.wav,21,angry,4
C:\Users\MAHESH\OneDrive\Documents\ML\projects\Emotion_recognition\Audio_Speech_Actors_01-24_16k\Actor_21\03-01-05-01-02-01-21.wav,21,angry,4
C:\Users\MAHESH\OneDrive\Documents\ML\projects\Emotion_recognition\Audio_Speech_Actors_01-24_16k\Actor_21\03-01-05-01-02-02-21.wav,21,angry,4
C:\Users\MAHESH\OneDrive\Documents\ML\projects\Emotion_recognition\Audio_Speech_Actors_01-24_16k\Actor_21\03-01-05-02-01-01-21.wav,21,angry,4
C:\Users\MAHESH\OneDrive\Documents\ML\projects\Emotion_recognition\Audio_Speech_Actors_01-24_16k\Actor_21\03-01-05-02-01-02-21.wav,21,angry,4
C:\Users\MAHESH\OneDrive\Documents\ML\projects\Emotion_recognition\Audio_Speech_Actors_01-24_16k\Actor_21\03-01-05-02-02-01-21.wav,21,angry,4
C:\Users\MAHESH\OneDrive\Documents\ML\projects\Emotion_recognition\Audio_Speech_Actors_01-24_16k\Actor_21\03-01-05-02-02-02-21.wav,21,angry,4
C:\Users\MAHESH\OneDrive\Documents\ML\projects\Emotion_recognition\Audio_Speech_Actors_01-24_16k\Actor_21\03-01-06-01-01-01-21.wav,21,fearful,5
C:\Users\MAHESH\OneDrive\Documents\ML\projects\Emotion_recognition\Audio_Speech_Actors_01-24_16k\Actor_21\03-01-06-01-01-02-21.wav,21,fearful,5
C:\Users\MAHESH\OneDrive\Documents\ML\projects\Emotion_recognition\Audio_Speech_Actors_01-24_16k\Actor_21\03-01-06-01-02-01-21.wav,21,fearful,5
C:\Users\MAHESH\OneDrive\Documents\ML\projects\Emotion_recognition\Audio_Speech_Actors_01-24_16k\Actor_21\03-01-06-01-02-02-21.wav,21,fearful,5
C:\Users\MAHESH\OneDrive\Documents\ML\projects\Emotion_recognition\Audio_Speech_Actors_01-24_16k\Actor_21\03-01-06-02-01-01-21.wav,21,fearful,5
C:\Users\MAHESH\OneDrive\Documents\ML\projects\Emotion_recognition\Audio_Speech_Actors_01-24_16k\Actor_21\03-01-06-02-01-02-21.wav,21,fearful,5
C:\Users\MAHESH\OneDrive\Documents\ML\projects\Emotion_recognition\Audio_Speech_Actors_01-24_16k\Actor_21\03-01-06-02-02-01-21.wav,21,fearful,5
C:\Users\MAHESH\OneDrive\Documents\ML\projects\Emotion_recognition\Audio_Speech_Actors_01-24_16k\Actor_21\03-01-06-02-02-02-21.wav,21,fearful,5
C:\Users\MAHESH\OneDrive\Documents\ML\projects\Emotion_recognition\Audio_Speech_Actors_01-24_16k\Actor_21\03-01-07-01-01-01-21.wav,21,disgust,6
C:\Users\MAHESH\OneDrive\Documents\ML\projects\Emotion_recognition\Audio_Speech_Actors_01-24_16k\Actor_21\03-01-07-01-01-02-21.wav,21,disgust,6
C:\Users\MAHESH\OneDrive\Documents\ML\projects\Emotion_recognition\Audio_Speech_Actors_01-24_16k\Actor_21\03-01-07-01-02-01-21.wav,21,disgust,6
C:\Users\MAHESH\OneDrive\Documents\ML\projects\Emotion_recognition\Audio_Speech_Actors_01-24_16k\Actor_21\03-01-07-01-02-02-21.wav,21,disgust,6
C:\Users\MAHESH\OneDrive\Documents\ML\projects\Emotion_recognition\Audio_Speech_Actors_01-24_16k\Actor_21\03-01-07-02-01-01-21.wav,21,disgust,6
C:\Users\MAHESH\OneDrive\Documents\ML\projects\Emotion_recognition\Audio_Speech_Actors_01-24_16k\Actor_21\03-01-07-02-01-02-21.wav,21,disgust,6
C:\Users\MAHESH\OneDrive\Documents\ML\projects\Emotion_recognition\Audio_Speech_Actors_01-24_16k\Actor_21\03-01-07-02-02-01-21.wav,21,disgust,6
C:\Users\MAHESH\OneDrive\Documents\ML\projects\Emotion_recognition\Audio_Speech_Actors_01-24_16k\Actor_21\03-01-07-02-02-02-21.wav,21,disgust,6
C:\Users\MAHESH\OneDrive\Documents\ML\projects\Emotion_recognition\Audio_Speech_Actors_01-24_16k\Actor_21\03-01-08-01-01-01-21.wav,21,surprised,7
C:\Users\MAHESH\OneDrive\Documents\ML\projects\Emotion_recognition\Audio_Speech_Actors_01-24_16k\Actor_21\03-01-08-01-01-02-21.wav,21,surprised,7
C:\Users\MAHESH\OneDrive\Documents\ML\projects\Emotion_recognition\Audio_Speech_Actors_01-24_16k\Actor_21\03-01-08-01-02-01-21.wav,21,surprised,7
C:\Users\MAHESH\OneDrive\Documents\ML\projects\Emotion_recognition\Audio_Speech_Actors_01-24_16k\Actor_21\03-01-08-01-02-02-21.wav,21,surprised,7
C:\Users\MAHESH\OneDrive\Documents\ML\projects\Emotion_recognition\Audio_Speech_Actors_01-24_16k\Actor_21\03-01-08-02-01-01-21.wav,21,surprised,7
C:\Users\MAHESH\OneDrive\Documents\ML\projects\Emotion_recognition\Audio_Speech_Actors_01-24_16k\Actor_21\03-01-08-02-01-02-21.wav,21,surprised,7
C:\Users\MAHESH\OneDrive\Documents\ML\projects\Emotion_recognition\Audio_Speech_Actors_01-24_16k\Actor_21\03-01-08-02-02-01-21.wav,21,surprised,7
C:\Users\MAHESH\OneDrive\Documents\ML\projects\Emotion_recognition\Audio_Speech_Actors_01-24_16k\Actor_21\03-01-08-02-02-02-21.wav,21,surprised,7
C:\Users\MAHESH\OneDrive\Documents\ML\projects\Emotion_recognition\Audio_Speech_Actors_01-24_16k\Actor_22\03-01-01-01-01-01-22.wav,22,neutral,0
C:\Users\MAHESH\OneDrive\Documents\ML\projects\Emotion_recognition\Audio_Speech_Actors_01-24_16k\Actor_22\03-01-01-01-01-02-22.wav,22,neutral,0
C:\Users\MAHESH\OneDrive\Documents\ML\projects\Emotion_recognition\Audio_Speech_Actors_01-24_16k\Actor_22\03-01-01-01-02-01-22.wav,22,neutral,0
C:\Users\MAHESH\OneDrive\Documents\ML\projects\Emotion_recognition\Audio_Speech_Actors_01-24_16k\Actor_22\03-01-01-01-02-02-22.wav,22,neutral,0
C:\Users\MAHESH\OneDrive\Documents\ML\projects\Emotion_recognition\Audio_Speech_Actors_01-24_16k\Actor_22\03-01-02-01-01-01-22.wav,22,calm,1
C:\Users\MAHESH\OneDrive\Documents\ML\projects\Emotion_recognition\Audio_Speech_Actors_01-24_16k\Actor_22\03-01-02-01-01-02-22.wav,22,calm,1
C:\Users\MAHESH\OneDrive\Documents\ML\projects\Emotion_recognition\Audio_Speech_Actors_01-24_16k\Actor_22\03-01-02-01-02-01-22.wav,22,calm,1
C:\Users\MAHESH\OneDrive\Documents\ML\projects\Emotion_recognition\Audio_Speech_Actors_01-24_16k\Actor_22\03-01-02-01-02-02-22.wav,22,calm,1
C:\Users\MAHESH\OneDrive\Documents\ML\projects\Emotion_recognition\Audio_Speech_Actors_01-24_16k\Actor_22\03-01-02-02-01-01-22.wav,22,calm,1
C:\Users\MAHESH\OneDrive\Documents\ML\projects\Emotion_recognition\Audio_Speech_Actors_01-24_16k\Actor_22\03-01-02-02-01-02-22.wav,22,calm,1
C:\Users\MAHESH\OneDrive\Documents\ML\projects\Emotion_recognition\Audio_Speech_Actors_01-24_16k\Actor_22\03-01-02-02-02-01-22.wav,22,calm,1
C:\Users\MAHESH\OneDrive\Documents\ML\projects\Emotion_recognition\Audio_Speech_Actors_01-24_16k\Actor_22\03-01-02-02-02-02-22.wav,22,calm,1
C:\Users\MAHESH\OneDrive\Documents\ML\projects\Emotion_recognition\Audio_Speech_Actors_01-24_16k\Actor_22\03-01-03-01-01-01-22.wav,22,happy,2
C:\Users\MAHESH\OneDrive\Documents\ML\projects\Emotion_recognition\Audio_Speech_Actors_01-24_16k\Actor_22\03-01-03-01-01-02-22.wav,22,happy,2
C:\Users\MAHESH\OneDrive\Documents\ML\projects\Emotion_recognition\Audio_Speech_Actors_01-24_16k\Actor_22\03-01-03-01-02-01-22.wav,22,happy,2
C:\Users\MAHESH\OneDrive\Documents\ML\projects\Emotion_recognition\Audio_Speech_Actors_01-24_16k\Actor_22\03-01-03-01-02-02-22.wav,22,happy,2
C:\Users\MAHESH\OneDrive\Documents\ML\projects\Emotion_recognition\Audio_Speech_Actors_01-24_16k\Actor_22\03-01-03-02-01-01-22.wav,22,happy,2
C:\Users\MAHESH\OneDrive\Documents\ML\projects\Emotion_recognition\Audio_Speech_Actors_01-24_16k\Actor_22\03-01-03-02-01-02-22.wav,22,happy,2
C:\Users\MAHESH\OneDrive\Documents\ML\projects\Emotion_recognition\Audio_Speech_Actors_01-24_16k\Actor_22\03-01-03-02-02-01-22.wav,22,happy,2
C:\Users\MAHESH\OneDrive\Documents\ML\projects\Emotion_recognition\Audio_Speech_Actors_01-24_16k\Actor_22\03-01-03-02-02-02-22.wav,22,happy,2
C:\Users\MAHESH\OneDrive\Documents\ML\projects\Emotion_recognition\Audio_Speech_Actors_01-24_16k\Actor_22\03-01-04-01-01-01-22.wav,22,sad,3
C:\Users\MAHESH\OneDrive\Documents\ML\projects\Emotion_recognition\Audio_Speech_Actors_01-24_16k\Actor_22\03-01-04-01-01-02-22.wav,22,sad,3
C:\Users\MAHESH\OneDrive\Documents\ML\projects\Emotion_recognition\Audio_Speech_Actors_01-24_16k\Actor_22\03-01-04-01-02-01-22.wav,22,sad,3
C:\Users\MAHESH\OneDrive\Documents\ML\projects\Emotion_recognition\Audio_Speech_Actors_01-24_16k\Actor_22\03-01-04-01-02-02-22.wav,22,sad,3
C:\Users\MAHESH\OneDrive\Documents\ML\projects\Emotion_recognition\Audio_Speech_Actors_01-24_16k\Actor_22\03-01-04-02-01-01-22.wav,22,sad,3
C:\Users\MAHESH\OneDrive\Documents\ML\projects\Emotion_recognition\Audio_Speech_Actors_01-24_16k\Actor_22\03-01-04-02-01-02-22.wav,22,sad,3
C:\Users\MAHESH\OneDrive\Documents\ML\projects\Emotion_recognition\Audio_Speech_Actors_01-24_16k\Actor_22\03-01-04-02-02-01-22.wav,22,sad,3
C:\Users\MAHESH\OneDrive\Documents\ML\projects\Emotion_recognition\Audio_Speech_Actors_01-24_16k\Actor_22\03-01-04-02-02-02-22.wav,22,sad,3
C:\Users\MAHESH\OneDrive\Documents\ML\projects\Emotion_recognition\Audio_Speech_Actors_01-24_16k\Actor_22\03-01-05-01-01-01-22.wav,22,angry,4
C:\Users\MAHESH\OneDrive\Documents\ML\projects\Emotion_recognition\Audio_Speech_Actors_01-24_16k\Actor_22\03-01-05-01-01-02-22.wav,22,angry,4
C:\Users\MAHESH\OneDrive\Documents\ML\projects\Emotion_recognition\Audio_Speech_Actors_01-24_16k\Actor_22\03-01-05-01-02-01-22.wav,22,angry,4
C:\Users\MAHESH\OneDrive\Documents\ML\projects\Emotion_recognition\Audio_Speech_Actors_01-24_16k\Actor_22\03-01-05-01-02-02-22.wav,22,angry,4
C:\Users\MAHESH\OneDrive\Documents\ML\projects\Emotion_recognition\Audio_Speech_Actors_01-24_16k\Actor_22\03-01-05-02-01-01-22.wav,22,angry,4
C:\Users\MAHESH\OneDrive\Documents\ML\projects\Emotion_recognition\Audio_Speech_Actors_01-24_16k\Actor_22\03-01-05-02-01-02-22.wav,22,angry,4
C:\Users\MAHESH\OneDrive\Documents\ML\projects\Emotion_recognition\Audio_Speech_Actors_01-24_16k\Actor_22\03-01-05-02-02-01-22.wav,22,angry,4
C:\Users\MAHESH\OneDrive\Documents\ML\projects\Emotion_recognition\Audio_Speech_Actors_01-24_16k\Actor_22\03-01-05-02-02-02-22.wav,22,angry,4
C:\Users\MAHESH\OneDrive\Documents\ML\projects\Emotion_recognition\Audio_Speech_Actors_01-24_16k\Actor_22\03-01-06-01-01-01-22.wav,22,fearful,5
C:\Users\MAHESH\OneDrive\Documents\ML\projects\Emotion_recognition\Audio_Speech_Actors_01-24_16k\Actor_22\03-01-06-01-01-02-22.wav,22,fearful,5
C:\Users\MAHESH\OneDrive\Documents\ML\projects\Emotion_recognition\Audio_Speech_Actors_01-24_16k\Actor_22\03-01-06-01-02-01-22.wav,22,fearful,5
C:\Users\MAHESH\OneDrive\Documents\ML\projects\Emotion_recognition\Audio_Speech_Actors_01-24_16k\Actor_22\03-01-06-01-02-02-22.wav,22,fearful,5
C:\Users\MAHESH\OneDrive\Documents\ML\projects\Emotion_recognition\Audio_Speech_Actors_01-24_16k\Actor_22\03-01-06-02-01-01-22.wav,22,fearful,5
C:\Users\MAHESH\OneDrive\Documents\ML\projects\Emotion_recognition\Audio_Speech_Actors_01-24_16k\Actor_22\03-01-06-02-01-02-22.wav,22,fearful,5
C:\Users\MAHESH\OneDrive\Documents\ML\projects\Emotion_recognition\Audio_Speech_Actors_01-24_16k\Actor_22\03-01-06-02-02-01-22.wav,22,fearful,5
C:\Users\MAHESH\OneDrive\Documents\ML\projects\Emotion_recognition\Audio_Speech_Actors_01-24_16k\Actor_22\03-01-06-02-02-02-22.wav,22,fearful,5
C:\Users\MAHESH\OneDrive\Documents\ML\projects\Emotion_recognition\Audio_Speech_Actors_01-24_16k\Actor_22\03-01-07-01-01-01-22.wav,22,disgust,6
C:\Users\MAHESH\OneDrive\Documents\ML\projects\Emotion_recognition\Audio_Speech_Actors_01-24_16k\Actor_22\03-01-07-01-01-02-22.wav,22,disgust,6
C:\Users\MAHESH\OneDrive\Documents\ML\projects\Emotion_recognition\Audio_Speech_Actors_01-24_16k\Actor_22\03-01-07-01-02-01-22.wav,22,disgust,6
C:\Users\MAHESH\OneDrive\Documents\ML\projects\Emotion_recognition\Audio_Speech_Actors_01-24_16k\Actor_22\03-01-07-01-02-02-22.wav,22,disgust,6
C:\Users\MAHESH\OneDrive\Documents\ML\projects\Emotion_recognition\Audio_Speech_Actors_01-24_16k\Actor_22\03-01-07-02-01-01-22.wav,22,disgust,6
C:\Users\MAHESH\OneDrive\Documents\ML\projects\Emotion_recognition\Audio_Speech_Actors_01-24_16k\Actor_22\03-01-07-02-01-02-22.wav,22,disgust,6
C:\Users\MAHESH\OneDrive\Documents\ML\projects\Emotion_recognition\Audio_Speech_Actors_01-24_16k\Actor_22\03-01-07-02-02-01-22.wav,22,disgust,6
C:\Users\MAHESH\OneDrive\Documents\ML\projects\Emotion_recognition\Audio_Speech_Actors_01-24_16k\Actor_22\03-01-07-02-02-02-22.wav,22,disgust,6
C:\Users\MAHESH\OneDrive\Documents\ML\projects\Emotion_recognition\Audio_Speech_Actors_01-24_16k\Actor_22\03-01-08-01-01-01-22.wav,22,surprised,7
C:\Users\MAHESH\OneDrive\Documents\ML\projects\Emotion_recognition\Audio_Speech_Actors_01-24_16k\Actor_22\03-01-08-01-01-02-22.wav,22,surprised,7
C:\Users\MAHESH\OneDrive\Documents\ML\projects\Emotion_recognition\Audio_Speech_Actors_01-24_16k\Actor_22\03-01-08-01-02-01-22.wav,22,surprised,7
C:\Users\MAHESH\OneDrive\Documents\ML\projects\Emotion_recognition\Audio_Speech_Actors_01-24_16k\Actor_22\03-01-08-01-02-02-22.wav,22,surprised,7
C:\Users\MAHESH\OneDrive\Documents\ML\projects\Emotion_recognition\Audio_Speech_Actors_01-24_16k\Actor_22\03-01-08-02-01-01-22.wav,22,surprised,7
C:\Users\MAHESH\OneDrive\Documents\ML\projects\Emotion_recognition\Audio_Speech_Actors_01-24_16k\Actor_22\03-01-08-02-01-02-22.wav,22,surprised,7
C:\Users\MAHESH\OneDrive\Documents\ML\projects\Emotion_recognition\Audio_Speech_Actors_01-24_16k\Actor_22\03-01-08-02-02-01-22.wav,22,surprised,7
C:\Users\MAHESH\OneDrive\Documents\ML\projects\Emotion_recognition\Audio_Speech_Actors_01-24_16k\Actor_22\03-01-08-02-02-02-22.wav,22,surprised,7
C:\Users\MAHESH\OneDrive\Documents\ML\projects\Emotion_recognition\Audio_Speech_Actors_01-24_16k\Actor_23\03-01-01-01-01-01-23.wav,23,neutral,0
C:\Users\MAHESH\OneDrive\Documents\ML\projects\Emotion_recognition\Audio_Speech_Actors_01-24_16k\Actor_23\03-01-01-01-01-02-23.wav,23,neutral,0
C:\Users\MAHESH\OneDrive\Documents\ML\projects\Emotion_recognition\Audio_Speech_Actors_01-24_16k\Actor_23\03-01-01-01-02-01-23.wav,23,neutral,0
C:\Users\MAHESH\OneDrive\Documents\ML\projects\Emotion_recognition\Audio_Speech_Actors_01-24_16k\Actor_23\03-01-01-01-02-02-23.wav,23,neutral,0
C:\Users\MAHESH\OneDrive\Documents\ML\projects\Emotion_recognition\Audio_Speech_Actors_01-24_16k\Actor_23\03-01-02-01-01-01-23.wav,23,calm,1
C:\Users\MAHESH\OneDrive\Documents\ML\projects\Emotion_recognition\Audio_Speech_Actors_01-24_16k\Actor_23\03-01-02-01-01-02-23.wav,23,calm,1
C:\Users\MAHESH\OneDrive\Documents\ML\projects\Emotion_recognition\Audio_Speech_Actors_01-24_16k\Actor_23\03-01-02-01-02-01-23.wav,23,calm,1
C:\Users\MAHESH\OneDrive\Documents\ML\projects\Emotion_recognition\Audio_Speech_Actors_01-24_16k\Actor_23\03-01-02-01-02-02-23.wav,23,calm,1
C:\Users\MAHESH\OneDrive\Documents\ML\projects\Emotion_recognition\Audio_Speech_Actors_01-24_16k\Actor_23\03-01-02-02-01-01-23.wav,23,calm,1
C:\Users\MAHESH\OneDrive\Documents\ML\projects\Emotion_recognition\Audio_Speech_Actors_01-24_16k\Actor_23\03-01-02-02-01-02-23.wav,23,calm,1
C:\Users\MAHESH\OneDrive\Documents\ML\projects\Emotion_recognition\Audio_Speech_Actors_01-24_16k\Actor_23\03-01-02-02-02-01-23.wav,23,calm,1
C:\Users\MAHESH\OneDrive\Documents\ML\projects\Emotion_recognition\Audio_Speech_Actors_01-24_16k\Actor_23\03-01-02-02-02-02-23.wav,23,calm,1
C:\Users\MAHESH\OneDrive\Documents\ML\projects\Emotion_recognition\Audio_Speech_Actors_01-24_16k\Actor_23\03-01-03-01-01-01-23.wav,23,happy,2
C:\Users\MAHESH\OneDrive\Documents\ML\projects\Emotion_recognition\Audio_Speech_Actors_01-24_16k\Actor_23\03-01-03-01-01-02-23.wav,23,happy,2
C:\Users\MAHESH\OneDrive\Documents\ML\projects\Emotion_recognition\Audio_Speech_Actors_01-24_16k\Actor_23\03-01-03-01-02-01-23.wav,23,happy,2
C:\Users\MAHESH\OneDrive\Documents\ML\projects\Emotion_recognition\Audio_Speech_Actors_01-24_16k\Actor_23\03-01-03-01-02-02-23.wav,23,happy,2
C:\Users\MAHESH\OneDrive\Documents\ML\projects\Emotion_recognition\Audio_Speech_Actors_01-24_16k\Actor_23\03-01-03-02-01-01-23.wav,23,happy,2
C:\Users\MAHESH\OneDrive\Documents\ML\projects\Emotion_recognition\Audio_Speech_Actors_01-24_16k\Actor_23\03-01-03-02-01-02-23.wav,23,happy,2
C:\Users\MAHESH\OneDrive\Documents\ML\projects\Emotion_recognition\Audio_Speech_Actors_01-24_16k\Actor_23\03-01-03-02-02-01-23.wav,23,happy,2
C:\Users\MAHESH\OneDrive\Documents\ML\projects\Emotion_recognition\Audio_Speech_Actors_01-24_16k\Actor_23\03-01-03-02-02-02-23.wav,23,happy,2
C:\Users\MAHESH\OneDrive\Documents\ML\projects\Emotion_recognition\Audio_Speech_Actors_01-24_16k\Actor_23\03-01-04-01-01-01-23.wav,23,sad,3
C:\Users\MAHESH\OneDrive\Documents\ML\projects\Emotion_recognition\Audio_Speech_Actors_01-24_16k\Actor_23\03-01-04-01-01-02-23.wav,23,sad,3
C:\Users\MAHESH\OneDrive\Documents\ML\projects\Emotion_recognition\Audio_Speech_Actors_01-24_16k\Actor_23\03-01-04-01-02-01-23.wav,23,sad,3
C:\Users\MAHESH\OneDrive\Documents\ML\projects\Emotion_recognition\Audio_Speech_Actors_01-24_16k\Actor_23\03-01-04-01-02-02-23.wav,23,sad,3
C:\Users\MAHESH\OneDrive\Documents\ML\projects\Emotion_recognition\Audio_Speech_Actors_01-24_16k\Actor_23\03-01-04-02-01-01-23.wav,23,sad,3
C:\Users\MAHESH\OneDrive\Documents\ML\projects\Emotion_recognition\Audio_Speech_Actors_01-24_16k\Actor_23\03-01-04-02-01-02-23.wav,23,sad,3
C:\Users\MAHESH\OneDrive\Documents\ML\projects\Emotion_recognition\Audio_Speech_Actors_01-24_16k\Actor_23\03-01-04-02-02-01-23.wav,23,sad,3
C:\Users\MAHESH\OneDrive\Documents\ML\projects\Emotion_recognition\Audio_Speech_Actors_01-24_16k\Actor_23\03-01-04-02-02-02-23.wav,23,sad,3
C:\Users\MAHESH\OneDrive\Documents\ML\projects\Emotion_recognition\Audio_Speech_Actors_01-24_16k\Actor_23\03-01-05-01-01-01-23.wav,23,angry,4
C:\Users\MAHESH\OneDrive\Documents\ML\projects\Emotion_recognition\Audio_Speech_Actors_01-24_16k\Actor_23\03-01-05-01-01-02-23.wav,23,angry,4
C:\Users\MAHESH\OneDrive\Documents\ML\projects\Emotion_recognition\Audio_Speech_Actors_01-24_16k\Actor_23\03-01-05-01-02-01-23.wav,23,angry,4
C:\Users\MAHESH\OneDrive\Documents\ML\projects\Emotion_recognition\Audio_Speech_Actors_01-24_16k\Actor_23\03-01-05-01-02-02-23.wav,23,angry,4
C:\Users\MAHESH\OneDrive\Documents\ML\projects\Emotion_recognition\Audio_Speech_Actors_01-24_16k\Actor_23\03-01-05-02-01-01-23.wav,23,angry,4
C:\Users\MAHESH\OneDrive\Documents\ML\projects\Emotion_recognition\Audio_Speech_Actors_01-24_16k\Actor_23\03-01-05-02-01-02-23.wav,23,angry,4
C:\Users\MAHESH\OneDrive\Documents\ML\projects\Emotion_recognition\Audio_Speech_Actors_01-24_16k\Actor_23\03-01-05-02-02-01-23.wav,23,angry,4
C:\Users\MAHESH\OneDrive\Documents\ML\projects\Emotion_recognition\Audio_Speech_Actors_01-24_16k\Actor_23\03-01-05-02-02-02-23.wav,23,angry,4
C:\Users\MAHESH\OneDrive\Documents\ML\projects\Emotion_recognition\Audio_Speech_Actors_01-24_16k\Actor_23\03-01-06-01-01-01-23.wav,23,fearful,5
C:\Users\MAHESH\OneDrive\Documents\ML\projects\Emotion_recognition\Audio_Speech_Actors_01-24_16k\Actor_23\03-01-06-01-01-02-23.wav,23,fearful,5
C:\Users\MAHESH\OneDrive\Documents\ML\projects\Emotion_recognition\Audio_Speech_Actors_01-24_16k\Actor_23\03-01-06-01-02-01-23.wav,23,fearful,5
C:\Users\MAHESH\OneDrive\Documents\ML\projects\Emotion_recognition\Audio_Speech_Actors_01-24_16k\Actor_23\03-01-06-01-02-02-23.wav,23,fearful,5
C:\Users\MAHESH\OneDrive\Documents\ML\projects\Emotion_recognition\Audio_Speech_Actors_01-24_16k\Actor_23\03-01-06-02-01-01-23.wav,23,fearful,5
C:\Users\MAHESH\OneDrive\Documents\ML\projects\Emotion_recognition\Audio_Speech_Actors_01-24_16k\Actor_23\03-01-06-02-01-02-23.wav,23,fearful,5
C:\Users\MAHESH\OneDrive\Documents\ML\projects\Emotion_recognition\Audio_Speech_Actors_01-24_16k\Actor_23\03-01-06-02-02-01-23.wav,23,fearful,5
C:\Users\MAHESH\OneDrive\Documents\ML\projects\Emotion_recognition\Audio_Speech_Actors_01-24_16k\Actor_23\03-01-06-02-02-02-23.wav,23,fearful,5
C:\Users\MAHESH\OneDrive\Documents\ML\projects\Emotion_recognition\Audio_Speech_Actors_01-24_16k\Actor_23\03-01-07-01-01-01-23.wav,23,disgust,6
C:\Users\MAHESH\OneDrive\Documents\ML\projects\Emotion_recognition\Audio_Speech_Actors_01-24_16k\Actor_23\03-01-07-01-01-02-23.wav,23,disgust,6
C:\Users\MAHESH\OneDrive\Documents\ML\projects\Emotion_recognition\Audio_Speech_Actors_01-24_16k\Actor_23\03-01-07-01-02-01-23.wav,23,disgust,6
C:\Users\MAHESH\OneDrive\Documents\ML\projects\Emotion_recognition\Audio_Speech_Actors_01-24_16k\Actor_23\03-01-07-01-02-02-23.wav,23,disgust,6
C:\Users\MAHESH\OneDrive\Documents\ML\projects\Emotion_recognition\Audio_Speech_Actors_01-24_16k\Actor_23\03-01-07-02-01-01-23.wav,23,disgust,6
C:\Users\MAHESH\OneDrive\Documents\ML\projects\Emotion_recognition\Audio_Speech_Actors_01-24_16k\Actor_23\03-01-07-02-01-02-23.wav,23,disgust,6
C:\Users\MAHESH\OneDrive\Documents\ML\projects\Emotion_recognition\Audio_Speech_Actors_01-24_16k\Actor_23\03-01-07-02-02-01-23.wav,23,disgust,6
C:\Users\MAHESH\OneDrive\Documents\ML\projects\Emotion_recognition\Audio_Speech_Actors_01-24_16k\Actor_23\03-01-07-02-02-02-23.wav,23,disgust,6
C:\Users\MAHESH\OneDrive\Documents\ML\projects\Emotion_recognition\Audio_Speech_Actors_01-24_16k\Actor_23\03-01-08-01-01-01-23.wav,23,surprised,7
C:\Users\MAHESH\OneDrive\Documents\ML\projects\Emotion_recognition\Audio_Speech_Actors_01-24_16k\Actor_23\03-01-08-01-01-02-23.wav,23,surprised,7
C:\Users\MAHESH\OneDrive\Documents\ML\projects\Emotion_recognition\Audio_Speech_Actors_01-24_16k\Actor_23\03-01-08-01-02-01-23.wav,23,surprised,7
C:\Users\MAHESH\OneDrive\Documents\ML\projects\Emotion_recognition\Audio_Speech_Actors_01-24_16k\Actor_23\03-01-08-01-02-02-23.wav,23,surprised,7
C:\Users\MAHESH\OneDrive\Documents\ML\projects\Emotion_recognition\Audio_Speech_Actors_01-24_16k\Actor_23\03-01-08-02-01-01-23.wav,23,surprised,7
C:\Users\MAHESH\OneDrive\Documents\ML\projects\Emotion_recognition\Audio_Speech_Actors_01-24_16k\Actor_23\03-01-08-02-01-02-23.wav,23,surprised,7
C:\Users\MAHESH\OneDrive\Documents\ML\projects\Emotion_recognition\Audio_Speech_Actors_01-24_16k\Actor_23\03-01-08-02-02-01-23.wav,23,surprised,7
C:\Users\MAHESH\OneDrive\Documents\ML\projects\Emotion_recognition\Audio_Speech_Actors_01-24_16k\Actor_23\03-01-08-02-02-02-23.wav,23,surprised,7
C:\Users\MAHESH\OneDrive\Documents\ML\projects\Emotion_recognition\Audio_Speech_Actors_01-24_16k\Actor_24\03-01-01-01-01-01-24.wav,24,neutral,0
C:\Users\MAHESH\OneDrive\Documents\ML\projects\Emotion_recognition\Audio_Speech_Actors_01-24_16k\Actor_24\03-01-01-01-01-02-24.wav,24,neutral,0
C:\Users\MAHESH\OneDrive\Documents\ML\projects\Emotion_recognition\Audio_Speech_Actors_01-24_16k\Actor_24\03-01-01-01-02-01-24.wav,24,neutral,0
C:\Users\MAHESH\OneDrive\Documents\ML\projects\Emotion_recognition\Audio_Speech_Actors_01-24_16k\Actor_24\03-01-01-01-02-02-24.wav,24,neutral,0
C:\Users\MAHESH\OneDrive\Documents\ML\projects\Emotion_recognition\Audio_Speech_Actors_01-24_16k\Actor_24\03-01-02-01-01-01-24.wav,24,calm,1
C:\Users\MAHESH\OneDrive\Documents\ML\projects\Emotion_recognition\Audio_Speech_Actors_01-24_16k\Actor_24\03-01-02-01-01-02-24.wav,24,calm,1
C:\Users\MAHESH\OneDrive\Documents\ML\projects\Emotion_recognition\Audio_Speech_Actors_01-24_16k\Actor_24\03-01-02-01-02-01-24.wav,24,calm,1
C:\Users\MAHESH\OneDrive\Documents\ML\projects\Emotion_recognition\Audio_Speech_Actors_01-24_16k\Actor_24\03-01-02-01-02-02-24.wav,24,calm,1
C:\Users\MAHESH\OneDrive\Documents\ML\projects\Emotion_recognition\Audio_Speech_Actors_01-24_16k\Actor_24\03-01-02-02-01-01-24.wav,24,calm,1
C:\Users\MAHESH\OneDrive\Documents\ML\projects\Emotion_recognition\Audio_Speech_Actors_01-24_16k\Actor_24\03-01-02-02-01-02-24.wav,24,calm,1
C:\Users\MAHESH\OneDrive\Documents\ML\projects\Emotion_recognition\Audio_Speech_Actors_01-24_16k\Actor_24\03-01-02-02-02-01-24.wav,24,calm,1
C:\Users\MAHESH\OneDrive\Documents\ML\projects\Emotion_recognition\Audio_Speech_Actors_01-24_16k\Actor_24\03-01-02-02-02-02-24.wav,24,calm,1
C:\Users\MAHESH\OneDrive\Documents\ML\projects\Emotion_recognition\Audio_Speech_Actors_01-24_16k\Actor_24\03-01-03-01-01-01-24.wav,24,happy,2
C:\Users\MAHESH\OneDrive\Documents\ML\projects\Emotion_recognition\Audio_Speech_Actors_01-24_16k\Actor_24\03-01-03-01-01-02-24.wav,24,happy,2
C:\Users\MAHESH\OneDrive\Documents\ML\projects\Emotion_recognition\Audio_Speech_Actors_01-24_16k\Actor_24\03-01-03-01-02-01-24.wav,24,happy,2
C:\Users\MAHESH\OneDrive\Documents\ML\projects\Emotion_recognition\Audio_Speech_Actors_01-24_16k\Actor_24\03-01-03-01-02-02-24.wav,24,happy,2
C:\Users\MAHESH\OneDrive\Documents\ML\projects\Emotion_recognition\Audio_Speech_Actors_01-24_16k\Actor_24\03-01-03-02-01-01-24.wav,24,happy,2
C:\Users\MAHESH\OneDrive\Documents\ML\projects\Emotion_recognition\Audio_Speech_Actors_01-24_16k\Actor_24\03-01-03-02-01-02-24.wav,24,happy,2
C:\Users\MAHESH\OneDrive\Documents\ML\projects\Emotion_recognition\Audio_Speech_Actors_01-24_16k\Actor_24\03-01-03-02-02-01-24.wav,24,happy,2
C:\Users\MAHESH\OneDrive\Documents\ML\projects\Emotion_recognition\Audio_Speech_Actors_01-24_16k\Actor_24\03-01-03-02-02-02-24.wav,24,happy,2
C:\Users\MAHESH\OneDrive\Documents\ML\projects\Emotion_recognition\Audio_Speech_Actors_01-24_16k\Actor_24\03-01-04-01-01-01-24.wav,24,sad,3
C:\Users\MAHESH\OneDrive\Documents\ML\projects\Emotion_recognition\Audio_Speech_Actors_01-24_16k\Actor_24\03-01-04-01-01-02-24.wav,24,sad,3
C:\Users\MAHESH\OneDrive\Documents\ML\projects\Emotion_recognition\Audio_Speech_Actors_01-24_16k\Actor_24\03-01-04-01-02-01-24.wav,24,sad,3
C:\Users\MAHESH\OneDrive\Documents\ML\projects\Emotion_recognition\Audio_Speech_Actors_01-24_16k\Actor_24\03-01-04-01-02-02-24.wav,24,sad,3
C:\Users\MAHESH\OneDrive\Documents\ML\projects\Emotion_recognition\Audio_Speech_Actors_01-24_16k\Actor_24\03-01-04-02-01-01-24.wav,24,sad,3
C:\Users\MAHESH\OneDrive\Documents\ML\projects\Emotion_recognition\Audio_Speech_Actors_01-24_16k\Actor_24\03-01-04-02-01-02-24.wav,24,sad,3
C:\Users\MAHESH\OneDrive\Documents\ML\projects\Emotion_recognition\Audio_Speech_Actors_01-24_16k\Actor_24\03-01-04-02-02-01-24.wav,24,sad,3
C:\Users\MAHESH\OneDrive\Documents\ML\projects\Emotion_recognition\Audio_Speech_Actors_01-24_16k\Actor_24\03-01-04-02-02-02-24.wav,24,sad,3
C:\Users\MAHESH\OneDrive\Documents\ML\projects\Emotion_recognition\Audio_Speech_Actors_01-24_16k\Actor_24\03-01-05-01-01-01-24.wav,24,angry,4
C:\Users\MAHESH\OneDrive\Documents\ML\projects\Emotion_recognition\Audio_Speech_Actors_01-24_16k\Actor_24\03-01-05-01-01-02-24.wav,24,angry,4
C:\Users\MAHESH\OneDrive\Documents\ML\projects\Emotion_recognition\Audio_Speech_Actors_01-24_16k\Actor_24\03-01-05-01-02-01-24.wav,24,angry,4
C:\Users\MAHESH\OneDrive\Documents\ML\projects\Emotion_recognition\Audio_Speech_Actors_01-24_16k\Actor_24\03-01-05-01-02-02-24.wav,24,angry,4
C:\Users\MAHESH\OneDrive\Documents\ML\projects\Emotion_recognition\Audio_Speech_Actors_01-24_16k\Actor_24\03-01-05-02-01-01-24.wav,24,angry,4
C:\Users\MAHESH\OneDrive\Documents\ML\projects\Emotion_recognition\Audio_Speech_Actors_01-24_16k\Actor_24\03-01-05-02-01-02-24.wav,24,angry,4
C:\Users\MAHESH\OneDrive\Documents\ML\projects\Emotion_recognition\Audio_Speech_Actors_01-24_16k\Actor_24\03-01-05-02-02-01-24.wav,24,angry,4
C:\Users\MAHESH\OneDrive\Documents\ML\projects\Emotion_recognition\Audio_Speech_Actors_01-24_16k\Actor_24\03-01-05-02-02-02-24.wav,24,angry,4
C:\Users\MAHESH\OneDrive\Documents\ML\projects\Emotion_recognition\Audio_Speech_Actors_01-24_16k\Actor_24\03-01-06-01-01-01-24.wav,24,fearful,5
C:\Users\MAHESH\OneDrive\Documents\ML\projects\Emotion_recognition\Audio_Speech_Actors_01-24_16k\Actor_24\03-01-06-01-01-02-24.wav,24,fearful,5
C:\Users\MAHESH\OneDrive\Documents\ML\projects\Emotion_recognition\Audio_Speech_Actors_01-24_16k\Actor_24\03-01-06-01-02-01-24.wav,24,fearful,5
C:\Users\MAHESH\OneDrive\Documents\ML\projects\Emotion_recognition\Audio_Speech_Actors_01-24_16k\Actor_24\03-01-06-01-02-02-24.wav,24,fearful,5
C:\Users\MAHESH\OneDrive\Documents\ML\projects\Emotion_recognition\Audio_Speech_Actors_01-24_16k\Actor_24\03-01-06-02-01-01-24.wav,24,fearful,5
C:\Users\MAHESH\OneDrive\Documents\ML\projects\Emotion_recognition\Audio_Speech_Actors_01-24_16k\Actor_24\03-01-06-02-01-02-24.wav,24,fearful,5
C:\Users\MAHESH\OneDrive\Documents\ML\projects\Emotion_recognition\Audio_Speech_Actors_01-24_16k\Actor_24\03-01-06-02-02-01-24.wav,24,fearful,5
C:\Users\MAHESH\OneDrive\Documents\ML\projects\Emotion_recognition\Audio_Speech_Actors_01-24_16k\Actor_24\03-01-06-02-02-02-24.wav,24,fearful,5
C:\Users\MAHESH\OneDrive\Documents\ML\projects\Emotion_recognition\Audio_Speech_Actors_01-24_16k\Actor_24\03-01-07-01-01-01-24.wav,24,disgust,6
C:\Users\MAHESH\OneDrive\Documents\ML\projects\Emotion_recognition\Audio_Speech_Actors_01-24_16k\Actor_24\03-01-07-01-01-02-24.wav,24,disgust,6
C:\Users\MAHESH\OneDrive\Documents\ML\projects\Emotion_recognition\Audio_Speech_Actors_01-24_16k\Actor_24\03-01-07-01-02-01-24.wav,24,disgust,6
C:\Users\MAHESH\OneDrive\Documents\ML\projects\Emotion_recognition\Audio_Speech_Actors_01-24_16k\Actor_24\03-01-07-01-02-02-24.wav,24,disgust,6
C:\Users\MAHESH\OneDrive\Documents\ML\projects\Emotion_recognition\Audio_Speech_Actors_01-24_16k\Actor_24\03-01-07-02-01-01-24.wav,24,disgust,6
C:\Users\MAHESH\OneDrive\Documents\ML\projects\Emotion_recognition\Audio_Speech_Actors_01-24_16k\Actor_24\03-01-07-02-01-02-24.wav,24,disgust,6
C:\Users\MAHESH\OneDrive\Documents\ML\projects\Emotion_recognition\Audio_Speech_Actors_01-24_16k\Actor_24\03-01-07-02-02-01-24.wav,24,disgust,6
C:\Users\MAHESH\OneDrive\Documents\ML\projects\Emotion_recognition\Audio_Speech_Actors_01-24_16k\Actor_24\03-01-07-02-02-02-24.wav,24,disgust,6
C:\Users\MAHESH\OneDrive\Documents\ML\projects\Emotion_recognition\Audio_Speech_Actors_01-24_16k\Actor_24\03-01-08-01-01-01-24.wav,24,surprised,7
C:\Users\MAHESH\OneDrive\Documents\ML\projects\Emotion_recognition\Audio_Speech_Actors_01-24_16k\Actor_24\03-01-08-01-01-02-24.wav,24,surprised,7
C:\Users\MAHESH\OneDrive\Documents\ML\projects\Emotion_recognition\Audio_Speech_Actors_01-24_16k\Actor_24\03-01-08-01-02-01-24.wav,24,surprised,7
C:\Users\MAHESH\OneDrive\Documents\ML\projects\Emotion_recognition\Audio_Speech_Actors_01-24_16k\Actor_24\03-01-08-01-02-02-24.wav,24,surprised,7
C:\Users\MAHESH\OneDrive\Documents\ML\projects\Emotion_recognition\Audio_Speech_Actors_01-24_16k\Actor_24\03-01-08-02-01-01-24.wav,24,surprised,7
C:\Users\MAHESH\OneDrive\Documents\ML\projects\Emotion_recognition\Audio_Speech_Actors_01-24_16k\Actor_24\03-01-08-02-01-02-24.wav,24,surprised,7
C:\Users\MAHESH\OneDrive\Documents\ML\projects\Emotion_recognition\Audio_Speech_Actors_01-24_16k\Actor_24\03-01-08-02-02-01-24.wav,24,surprised,7
C:\Users\MAHESH\OneDrive\Documents\ML\projects\Emotion_recognition\Audio_Speech_Actors_01-24_16k\Actor_24\03-01-08-02-02-02-24.wav,24,surprised,7
